{
  "resourceType": "CodeSystem",
  "status": "draft",
  "content": "complete",
  "name": "OuClassFlag",
  "id": "ou-class-flag",
  "title": "OU Classification Flag",
  "description": "Organizational Unit Classification Flag Codes",
  "url": "http://fhir.dgmc.health.gov.il/cs/ou-classification-flag",
  "concept": [
    {
      "code": "surg",
      "display": "יחידה מנתחת"
    },
    {
      "code": "consult",
      "display": "יחידה מייעצת"
    }
  ],
  "version": "0.1.23",
  "publisher": "Division of Governmental Hospitals Israel",
  "date": "2025-03-13",
  "count": 2
}
