{
  "resourceType": "CodeSystem",
  "status": "draft",
  "content": "complete",
  "name": "DiagnosisComponent",
  "id": "diagnosis-component",
  "title": "Diagnosis Component",
  "description": "Diagnosis Component",
  "url": "http://fhir.dgmc.health.gov.il/cs/diagnosis-component",
  "concept": [
    {
      "code": "21",
      "display": "אבחנות אונקו למטופל"
    },
    {
      "code": "3",
      "display": "אבחנות באשפוז"
    },
    {
      "code": "4",
      "display": "אבחנות בשחרור"
    },
    {
      "code": "2",
      "display": "אבחנות בקבלה"
    },
    {
      "code": "6",
      "display": "אבחנות בביקור"
    },
    {
      "code": "15",
      "display": "אבחנות במיון"
    },
    {
      "code": "23",
      "display": "אבחנות בלידה"
    },
    {
      "code": "24",
      "display": "אבחנות בהריון נוכחי"
    },
    {
      "code": "1",
      "display": "אבחנות רקע"
    },
    {
      "code": "22",
      "display": "אבחנות עבר מילדותי"
    },
    {
      "code": "9",
      "display": "אבחנות פסיכיאטריות"
    }
  ],
  "version": "0.1.23",
  "publisher": "Division of Governmental Hospitals Israel",
  "date": "2025-03-13",
  "caseSensitive": true,
  "count": 11
}
