{
  "resourceType": "CodeSystem",
  "status": "draft",
  "content": "complete",
  "name": "AdmissionImpType",
  "id": "admission-imp-type",
  "title": "Admission Inpatient Type",
  "description": "Inpatient Addmision Type",
  "url": "http://fhir.dgmc.health.gov.il/cs/admission-imp-type",
  "concept": [
    {
      "code": "1",
      "display": "קבלה רגילה"
    },
    {
      "code": "2",
      "display": "לידה"
    },
    {
      "code": "3",
      "display": "ילוד"
    },
    {
      "code": "4",
      "display": "תאונת דרכים"
    },
    {
      "code": "5",
      "display": "תאונת עבודה"
    },
    {
      "code": "8",
      "display": "העברה ממרפאות"
    },
    {
      "code": "9",
      "display": "חשוד לאחר DRG"
    },
    {
      "code": "10",
      "display": "לאחר DRG"
    },
    {
      "code": "11",
      "display": "העברה ממרפאות"
    },
    {
      "code": "50",
      "display": "פעולות איבה"
    },
    {
      "code": "A",
      "display": "הפניה"
    },
    {
      "code": "AE",
      "display": "Adm.fr.ext.hosp"
    },
    {
      "code": "B",
      "display": "מלווה"
    },
    {
      "code": "E",
      "display": "לידה"
    },
    {
      "code": "N",
      "display": "ילוד"
    },
    {
      "code": "NO",
      "display": "Emergency case"
    },
    {
      "code": "S",
      "display": "Self-admission"
    },
    {
      "code": "VB",
      "display": "Pre-adm.treatmt"
    },
    {
      "code": "Z1",
      "display": "הסבה א.י."
    }
  ],
  "version": "0.1.23",
  "publisher": "Division of Governmental Hospitals Israel",
  "date": "2025-03-13",
  "caseSensitive": true,
  "count": 19
}
