{
  "resourceType": "CodeSystem",
  "status": "draft",
  "content": "complete",
  "name": "AdmissionAmbType",
  "id": "admission-amb-type",
  "title": "Admission Amb Type",
  "description": "Ambulatory Addmision Type",
  "url": "http://fhir.dgmc.health.gov.il/cs/admission-amb-type",
  "concept": [
    {
      "code": "1",
      "display": "ביקור במרפאה"
    },
    {
      "code": "2",
      "display": "ב. חוזר במרפאה"
    },
    {
      "code": "4",
      "display": "תאונת דרכים"
    },
    {
      "code": "5",
      "display": "תאונת עבודה"
    },
    {
      "code": "6",
      "display": "אשפוז יום"
    },
    {
      "code": "7",
      "display": "אחסון גויה"
    },
    {
      "code": "12",
      "display": "ב. ר.לאחר אשפוז"
    },
    {
      "code": "13",
      "display": "ב.ר.לאחר מיון"
    },
    {
      "code": "14",
      "display": "טרום ניתוח"
    },
    {
      "code": "15",
      "display": "לאחר אשפוז יום"
    },
    {
      "code": "16",
      "display": "לפני אשפוז"
    },
    {
      "code": "17",
      "display": "ללא נוכחות"
    },
    {
      "code": "18",
      "display": "לפני ניתוח תל\"ש"
    },
    {
      "code": "19",
      "display": "לאחר ניתוח תל\"ש"
    },
    {
      "code": "50",
      "display": "פעולות איבה"
    },
    {
      "code": "99",
      "display": "במהלך אשפ.-הסבה"
    },
    {
      "code": "AH",
      "display": "Gen. treatment"
    },
    {
      "code": "AO",
      "display": "Outp. surgery"
    },
    {
      "code": "BH",
      "display": "Spec. treatment"
    },
    {
      "code": "G",
      "display": "Medical opinion"
    },
    {
      "code": "K",
      "display": "2nd opinion"
    },
    {
      "code": "M",
      "display": "התייעצות"
    },
    {
      "code": "NB",
      "display": "Post-disch.trtm"
    },
    {
      "code": "OP",
      "display": "ניתוח"
    },
    {
      "code": "VB",
      "display": "Pre-adm. trtmnt"
    }
  ],
  "version": "0.1.23",
  "publisher": "Division of Governmental Hospitals Israel",
  "date": "2025-03-13",
  "caseSensitive": true,
  "count": 25
}
