{
  "resourceType": "CodeSystem",
  "status": "draft",
  "content": "complete",
  "name": "HospitalsUris",
  "id": "hospitals-uris",
  "title": "Hospitals uris",
  "description": "CodeSystem of all DGMC Hospitals Uris",
  "url": "http://fhir.dgmc.health.gov.il/cs/hospitals-uri",
  "concept": [
    {
      "code": "http://fhir.bmc.health.gov.il/identifier/nmr-pat-int-num",
      "display": "ברזילי - מספר מטופל פנימי-נמר"
    },
    {
      "code": "http://fhir.gmc.health.gov.il/identifier/nmr-pat-int-num",
      "display": "נהריה - מספר מטופל פנימי-נמר"
    },
    {
      "code": "http://fhir.hymc.health.gov.il/identifier/nmr-pat-int-num",
      "display": "הלל יפה - מספר מטופל פנימי-נמר"
    },
    {
      "code": "http://fhir.sheba.health.gov.il/identifier/nmr-pat-int-num",
      "display": "שיבא - מספר מטופל פנימי-נמר"
    },
    {
      "code": "http://fhir.b-zion.health.gov.il/identifier/nmr-pat-int-num",
      "display": "בני ציון - מספר מטופל פנימי-נמר"
    },
    {
      "code": "http://fhir.rambam.health.gov.il/identifier/nmr-pat-int-num",
      "display": "רמבם - מספר מטופל פנימי-נמר"
    },
    {
      "code": "http://fhir.shamir.health.gov.il/identifier/nmr-pat-int-num",
      "display": "שמיר - מספר מטופל פנימי-נמר"
    },
    {
      "code": "http://fhir.ziv.health.gov.il/identifier/nmr-pat-int-num",
      "display": "זיו - מספר מטופל פנימי-נמר"
    },
    {
      "code": "http://fhir.Wolfson.health.gov.il/identifier/nmr-pat-int-num",
      "display": "וולפסון - מספר מטופל פנימי-נמר"
    },
    {
      "code": "http://fhir.Tasmc.health.gov.il/identifier/nmr-pat-int-num",
      "display": "איכילוב - מספר מטופל פנימי-נמר"
    },
    {
      "code": "http://fhir.tzafon.health.gov.il/identifier/nmr-pat-int-num",
      "display": "פוריה - מספר מטופל פנימי-נמר"
    },
    {
      "code": "http://fhir.bmc.health.gov.il/identifier/nmr-pat-tmp-num",
      "display": "ברזילי - מספר מטופל זמני-נמר"
    },
    {
      "code": "http://fhir.gmc.health.gov.il/identifier/nmr-pat-tmp-num",
      "display": "נהריה - מספר מטופל זמני-נמר"
    },
    {
      "code": "http://fhir.hymc.health.gov.il/identifier/nmr-pat-tmp-num",
      "display": "הלל יפה - מספר מטופל זמני-נמר"
    },
    {
      "code": "http://fhir.sheba.health.gov.il/identifier/nmr-pat-tmp-num",
      "display": "שיבא - מספר מטופל זמני-נמר"
    },
    {
      "code": "http://fhir.b-zion.health.gov.il/identifier/nmr-pat-tmp-num",
      "display": "בני ציון - מספר מטופל זמני-נמר"
    },
    {
      "code": "http://fhir.rambam.health.gov.il/identifier/nmr-pat-tmp-num",
      "display": "רמבם - מספר מטופל זמני-נמר"
    },
    {
      "code": "http://fhir.shamir.health.gov.il/identifier/nmr-pat-tmp-num",
      "display": "שמיר - מספר מטופל זמני-נמר"
    },
    {
      "code": "http://fhir.ziv.health.gov.il/identifier/nmr-pat-tmp-num",
      "display": "זיו - מספר מטופל זמני-נמר"
    },
    {
      "code": "http://fhir.Wolfson.health.gov.il/identifier/nmr-pat-tmp-num",
      "display": "וולפסון - מספר מטופל זמני-נמר"
    },
    {
      "code": "http://fhir.Tasmc.health.gov.il/identifier/nmr-pat-tmp-num",
      "display": "איכילוב - מספר מטופל זמני-נמר"
    },
    {
      "code": "http://fhir.tzafon.health.gov.il/identifier/nmr-pat-tmp-num",
      "display": "פוריה - מספר מטופל זמני-נמר"
    },
    {
      "code": "http://fhir.bmc.health.gov.il/identifier/cml-pat-int-num",
      "display": "ברזילי - מספר מטופל פנימי-קמיליון"
    },
    {
      "code": "http://fhir.gmc.health.gov.il/identifier/cml-pat-int-num",
      "display": "נהריה - מספר מטופל פנימי-קמיליון"
    },
    {
      "code": "http://fhir.hymc.health.gov.il/identifier/cml-pat-int-num",
      "display": "הלל יפה - מספר מטופל פנימי-קמיליון"
    },
    {
      "code": "http://fhir.sheba.health.gov.il/identifier/cml-pat-int-num",
      "display": "שיבא - מספר מטופל פנימי-קמיליון"
    },
    {
      "code": "http://fhir.b-zion.health.gov.il/identifier/cml-pat-int-num",
      "display": "בני ציון - מספר מטופל פנימי-קמיליון"
    },
    {
      "code": "http://fhir.rambam.health.gov.il/identifier/cml-pat-int-num",
      "display": "רמבם - מספר מטופל פנימי-קמיליון"
    },
    {
      "code": "http://fhir.shamir.health.gov.il/identifier/cml-pat-int-num",
      "display": "שמיר - מספר מטופל פנימי-קמיליון"
    },
    {
      "code": "http://fhir.ziv.health.gov.il/identifier/cml-pat-int-num",
      "display": "זיו - מספר מטופל פנימי-קמיליון"
    },
    {
      "code": "http://fhir.Wolfson.health.gov.il/identifier/cml-pat-int-num",
      "display": "וולפסון - מספר מטופל פנימי-קמיליון"
    },
    {
      "code": "http://fhir.Tasmc.health.gov.il/identifier/cml-pat-int-num",
      "display": "איכילוב - מספר מטופל פנימי-קמיליון"
    },
    {
      "code": "http://fhir.tzafon.health.gov.il/identifier/cml-pat-int-num",
      "display": "פוריה - מספר מטופל פנימי-קמיליון"
    },
    {
      "code": "http://fhir.bmc.health.gov.il/identifier/cml-counseling-request",
      "display": "ברזילי - בקשת ייעוץ-קמיליון"
    },
    {
      "code": "http://fhir.gmc.health.gov.il/identifier/cml-counseling-request",
      "display": "נהריה - בקשת ייעוץ-קמיליון"
    },
    {
      "code": "http://fhir.hymc.health.gov.il/identifier/cml-counseling-request",
      "display": "הלל יפה - בקשת ייעוץ-קמיליון"
    },
    {
      "code": "http://fhir.sheba.health.gov.il/identifier/cml-counseling-request",
      "display": "שיבא - בקשת ייעוץ-קמיליון"
    },
    {
      "code": "http://fhir.b-zion.health.gov.il/identifier/cml-counseling-request",
      "display": "בני ציון - בקשת ייעוץ-קמיליון"
    },
    {
      "code": "http://fhir.rambam.health.gov.il/identifier/cml-counseling-request",
      "display": "רמבם - בקשת ייעוץ-קמיליון"
    },
    {
      "code": "http://fhir.shamir.health.gov.il/identifier/cml-counseling-request",
      "display": "שמיר - בקשת ייעוץ-קמיליון"
    },
    {
      "code": "http://fhir.ziv.health.gov.il/identifier/cml-counseling-request",
      "display": "זיו - בקשת ייעוץ-קמיליון"
    },
    {
      "code": "http://fhir.Wolfson.health.gov.il/identifier/cml-counseling-request",
      "display": "וולפסון - בקשת ייעוץ-קמיליון"
    },
    {
      "code": "http://fhir.Tasmc.health.gov.il/identifier/cml-counseling-request",
      "display": "איכילוב - בקשת ייעוץ-קמיליון"
    },
    {
      "code": "http://fhir.tzafon.health.gov.il/identifier/cml-counseling-request",
      "display": "פוריה - בקשת ייעוץ-קמיליון"
    },
    {
      "code": "http://fhir.bmc.health.gov.il/identifier/cml-counseling-answer",
      "display": "ברזילי - תשובת ייעוץ-קמיליון"
    },
    {
      "code": "http://fhir.gmc.health.gov.il/identifier/cml-counseling-answer",
      "display": "נהריה - תשובת ייעוץ-קמיליון"
    },
    {
      "code": "http://fhir.hymc.health.gov.il/identifier/cml-counseling-answer",
      "display": "הלל יפה - תשובת ייעוץ-קמיליון"
    },
    {
      "code": "http://fhir.sheba.health.gov.il/identifier/cml-counseling-answer",
      "display": "שיבא - תשובת ייעוץ-קמיליון"
    },
    {
      "code": "http://fhir.b-zion.health.gov.il/identifier/cml-counseling-answer",
      "display": "בני ציון - תשובת ייעוץ-קמיליון"
    },
    {
      "code": "http://fhir.rambam.health.gov.il/identifier/cml-counseling-answer",
      "display": "רמבם - תשובת ייעוץ-קמיליון"
    },
    {
      "code": "http://fhir.shamir.health.gov.il/identifier/cml-counseling-answer",
      "display": "שמיר - תשובת ייעוץ-קמיליון"
    },
    {
      "code": "http://fhir.ziv.health.gov.il/identifier/cml-counseling-answer",
      "display": "זיו - תשובת ייעוץ-קמיליון"
    },
    {
      "code": "http://fhir.Wolfson.health.gov.il/identifier/cml-counseling-answer",
      "display": "וולפסון - תשובת ייעוץ-קמיליון"
    },
    {
      "code": "http://fhir.Tasmc.health.gov.il/identifier/cml-counseling-answer",
      "display": "איכילוב - תשובת ייעוץ-קמיליון"
    },
    {
      "code": "http://fhir.tzafon.health.gov.il/identifier/cml-counseling-answer",
      "display": "פוריה - תשובת ייעוץ-קמיליון"
    },
    {
      "code": "http://fhir.bmc.health.gov.il/identifier/ad-username",
      "display": "ברזילי - שם משתמש של המטפל"
    },
    {
      "code": "http://fhir.gmc.health.gov.il/identifier/ad-username",
      "display": "נהריה - שם משתמש של המטפל"
    },
    {
      "code": "http://fhir.hymc.health.gov.il/identifier/ad-username",
      "display": "הלל יפה - שם משתמש של המטפל"
    },
    {
      "code": "http://fhir.sheba.health.gov.il/identifier/ad-username",
      "display": "שיבא - שם משתמש של המטפל"
    },
    {
      "code": "http://fhir.b-zion.health.gov.il/identifier/ad-username",
      "display": "בני ציון - שם משתמש של המטפל"
    },
    {
      "code": "http://fhir.rambam.health.gov.il/identifier/ad-username",
      "display": "רמבם - שם משתמש של המטפל"
    },
    {
      "code": "http://fhir.shamir.health.gov.il/identifier/ad-username",
      "display": "שמיר - שם משתמש של המטפל"
    },
    {
      "code": "http://fhir.ziv.health.gov.il/identifier/ad-username",
      "display": "זיו - שם משתמש של המטפל"
    },
    {
      "code": "http://fhir.Wolfson.health.gov.il/identifier/ad-username",
      "display": "וולפסון - שם משתמש של המטפל"
    },
    {
      "code": "http://fhir.Tasmc.health.gov.il/identifier/ad-username",
      "display": "איכילוב - שם משתמש של המטפל"
    },
    {
      "code": "http://fhir.tzafon.health.gov.il/identifier/ad-username",
      "display": "פוריה - שם משתמש של המטפל"
    },
    {
      "code": "http://fhir.bmc.health.gov.il/identifier/cml-medical-record",
      "display": "ברזילי - medical record-קמיליון"
    },
    {
      "code": "http://fhir.gmc.health.gov.il/identifier/cml-medical-record",
      "display": "נהריה - medical record-קמיליון"
    },
    {
      "code": "http://fhir.hymc.health.gov.il/identifier/cml-medical-record",
      "display": "הלל יפה - medical record-קמיליון"
    },
    {
      "code": "http://fhir.sheba.health.gov.il/identifier/cml-medical-record",
      "display": "שיבא - medical record-קמיליון"
    },
    {
      "code": "http://fhir.b-zion.health.gov.il/identifier/cml-medical-record",
      "display": "בני ציון - medical record-קמיליון"
    },
    {
      "code": "http://fhir.rambam.health.gov.il/identifier/cml-medical-record",
      "display": "רמבם - medical record-קמיליון"
    },
    {
      "code": "http://fhir.shamir.health.gov.il/identifier/cml-medical-record",
      "display": "שמיר - medical record-קמיליון"
    },
    {
      "code": "http://fhir.ziv.health.gov.il/identifier/cml-medical-record",
      "display": "זיו - medical record-קמיליון"
    },
    {
      "code": "http://fhir.Wolfson.health.gov.il/identifier/cml-medical-record",
      "display": "וולפסון - medical record-קמיליון"
    },
    {
      "code": "http://fhir.Tasmc.health.gov.il/identifier/cml-medical-record",
      "display": "איכילוב - medical record-קמיליון"
    },
    {
      "code": "http://fhir.tzafon.health.gov.il/identifier/cml-medical-record",
      "display": "פוריה - medical record-קמיליון"
    },
    {
      "code": "http://fhir.bmc.health.gov.il/identifier/cml-user-code",
      "display": "ברזילי - קוד משתמש-קמיליון"
    },
    {
      "code": "http://fhir.gmc.health.gov.il/identifier/cml-user-code",
      "display": "נהריה - קוד משתמש-קמיליון"
    },
    {
      "code": "http://fhir.hymc.health.gov.il/identifier/cml-user-code",
      "display": "הלל יפה - קוד משתמש-קמיליון"
    },
    {
      "code": "http://fhir.sheba.health.gov.il/identifier/cml-user-code",
      "display": "שיבא - קוד משתמש-קמיליון"
    },
    {
      "code": "http://fhir.b-zion.health.gov.il/identifier/cml-user-code",
      "display": "בני ציון - קוד משתמש-קמיליון"
    },
    {
      "code": "http://fhir.rambam.health.gov.il/identifier/cml-user-code",
      "display": "רמבם - קוד משתמש-קמיליון"
    },
    {
      "code": "http://fhir.shamir.health.gov.il/identifier/cml-user-code",
      "display": "שמיר - קוד משתמש-קמיליון"
    },
    {
      "code": "http://fhir.ziv.health.gov.il/identifier/cml-user-code",
      "display": "זיו - קוד משתמש-קמיליון"
    },
    {
      "code": "http://fhir.Wolfson.health.gov.il/identifier/cml-user-code",
      "display": "וולפסון - קוד משתמש-קמיליון"
    },
    {
      "code": "http://fhir.Tasmc.health.gov.il/identifier/cml-user-code",
      "display": "איכילוב - קוד משתמש-קמיליון"
    },
    {
      "code": "http://fhir.tzafon.health.gov.il/identifier/cml-user-code",
      "display": "פוריה - קוד משתמש-קמיליון"
    },
    {
      "code": "http://fhir.bmc.health.gov.il/identifier/encounter-diet-pref",
      "display": "ברזילי - סוג מזון"
    },
    {
      "code": "http://fhir.gmc.health.gov.il/identifier/encounter-diet-pref",
      "display": "נהריה - סוג מזון"
    },
    {
      "code": "http://fhir.hymc.health.gov.il/identifier/encounter-diet-pref",
      "display": "הלל יפה - סוג מזון"
    },
    {
      "code": "http://fhir.sheba.health.gov.il/identifier/encounter-diet-pref",
      "display": "שיבא - סוג מזון"
    },
    {
      "code": "http://fhir.b-zion.health.gov.il/identifier/encounter-diet-pref",
      "display": "בני ציון - סוג מזון"
    },
    {
      "code": "http://fhir.rambam.health.gov.il/identifier/encounter-diet-pref",
      "display": "רמבם - סוג מזון"
    },
    {
      "code": "http://fhir.shamir.health.gov.il/identifier/encounter-diet-pref",
      "display": "שמיר - סוג מזון"
    },
    {
      "code": "http://fhir.ziv.health.gov.il/identifier/encounter-diet-pref",
      "display": "זיו - סוג מזון"
    },
    {
      "code": "http://fhir.Wolfson.health.gov.il/identifier/encounter-diet-pref",
      "display": "וולפסון - סוג מזון"
    },
    {
      "code": "http://fhir.Tasmc.health.gov.il/identifier/encounter-diet-pref",
      "display": "איכילוב - סוג מזון"
    },
    {
      "code": "http://fhir.tzafon.health.gov.il/identifier/encounter-diet-pref",
      "display": "פוריה - סוג מזון"
    },
    {
      "code": "http://fhir.bmc.health.gov.il/identifier/nmr-case-number",
      "display": "ברזילי - מספר מקרה-נמר"
    },
    {
      "code": "http://fhir.gmc.health.gov.il/identifier/nmr-case-number",
      "display": "נהריה - מספר מקרה-נמר"
    },
    {
      "code": "http://fhir.hymc.health.gov.il/identifier/nmr-case-number",
      "display": "הלל יפה - מספר מקרה-נמר"
    },
    {
      "code": "http://fhir.sheba.health.gov.il/identifier/nmr-case-number",
      "display": "שיבא - מספר מקרה-נמר"
    },
    {
      "code": "http://fhir.b-zion.health.gov.il/identifier/nmr-case-number",
      "display": "בני ציון - מספר מקרה-נמר"
    },
    {
      "code": "http://fhir.rambam.health.gov.il/identifier/nmr-case-number",
      "display": "רמבם - מספר מקרה-נמר"
    },
    {
      "code": "http://fhir.shamir.health.gov.il/identifier/nmr-case-number",
      "display": "שמיר - מספר מקרה-נמר"
    },
    {
      "code": "http://fhir.ziv.health.gov.il/identifier/nmr-case-number",
      "display": "זיו - מספר מקרה-נמר"
    },
    {
      "code": "http://fhir.Wolfson.health.gov.il/identifier/nmr-case-number",
      "display": "וולפסון - מספר מקרה-נמר"
    },
    {
      "code": "http://fhir.Tasmc.health.gov.il/identifier/nmr-case-number",
      "display": "איכילוב - מספר מקרה-נמר"
    },
    {
      "code": "http://fhir.tzafon.health.gov.il/identifier/nmr-case-number",
      "display": "פוריה - מספר מקרה-נמר"
    },
    {
      "code": "http://fhir.bmc.health.gov.il/identifier/nmr-movement-number",
      "display": "ברזילי - מספר העברה-נמר"
    },
    {
      "code": "http://fhir.gmc.health.gov.il/identifier/nmr-movement-number",
      "display": "נהריה - מספר העברה-נמר"
    },
    {
      "code": "http://fhir.hymc.health.gov.il/identifier/nmr-movement-number",
      "display": "הלל יפה - מספר העברה-נמר"
    },
    {
      "code": "http://fhir.sheba.health.gov.il/identifier/nmr-movement-number",
      "display": "שיבא - מספר העברה-נמר"
    },
    {
      "code": "http://fhir.b-zion.health.gov.il/identifier/nmr-movement-number",
      "display": "בני ציון - מספר העברה-נמר"
    },
    {
      "code": "http://fhir.rambam.health.gov.il/identifier/nmr-movement-number",
      "display": "רמבם - מספר העברה-נמר"
    },
    {
      "code": "http://fhir.shamir.health.gov.il/identifier/nmr-movement-number",
      "display": "שמיר - מספר העברה-נמר"
    },
    {
      "code": "http://fhir.ziv.health.gov.il/identifier/nmr-movement-number",
      "display": "זיו - מספר העברה-נמר"
    },
    {
      "code": "http://fhir.Wolfson.health.gov.il/identifier/nmr-movement-number",
      "display": "וולפסון - מספר העברה-נמר"
    },
    {
      "code": "http://fhir.Tasmc.health.gov.il/identifier/nmr-movement-number",
      "display": "איכילוב - מספר העברה-נמר"
    },
    {
      "code": "http://fhir.tzafon.health.gov.il/identifier/nmr-movement-number",
      "display": "פוריה - מספר העברה-נמר"
    },
    {
      "code": "http://fhir.bmc.health.gov.il/identifier/nmr2cml-identifier",
      "display": "ברזילי - קשר בין תנועת נמר לקמיליון"
    },
    {
      "code": "http://fhir.gmc.health.gov.il/identifier/nmr2cml-identifier",
      "display": "נהריה - קשר בין תנועת נמר לקמיליון"
    },
    {
      "code": "http://fhir.hymc.health.gov.il/identifier/nmr2cml-identifier",
      "display": "הלל יפה - קשר בין תנועת נמר לקמיליון"
    },
    {
      "code": "http://fhir.sheba.health.gov.il/identifier/nmr2cml-identifier",
      "display": "שיבא - קשר בין תנועת נמר לקמיליון"
    },
    {
      "code": "http://fhir.b-zion.health.gov.il/identifier/nmr2cml-identifier",
      "display": "בני ציון - קשר בין תנועת נמר לקמיליון"
    },
    {
      "code": "http://fhir.rambam.health.gov.il/identifier/nmr2cml-identifier",
      "display": "רמבם - קשר בין תנועת נמר לקמיליון"
    },
    {
      "code": "http://fhir.shamir.health.gov.il/identifier/nmr2cml-identifier",
      "display": "שמיר - קשר בין תנועת נמר לקמיליון"
    },
    {
      "code": "http://fhir.ziv.health.gov.il/identifier/nmr2cml-identifier",
      "display": "זיו - קשר בין תנועת נמר לקמיליון"
    },
    {
      "code": "http://fhir.Wolfson.health.gov.il/identifier/nmr2cml-identifier",
      "display": "וולפסון - קשר בין תנועת נמר לקמיליון"
    },
    {
      "code": "http://fhir.Tasmc.health.gov.il/identifier/nmr2cml-identifier",
      "display": "איכילוב - קשר בין תנועת נמר לקמיליון"
    },
    {
      "code": "http://fhir.tzafon.health.gov.il/identifier/nmr2cml-identifier",
      "display": "פוריה - קשר בין תנועת נמר לקמיליון"
    },
    {
      "code": "http://fhir.bmc.health.gov.il/identifier/sap-user-vma",
      "display": "ברזילי - משתמש סאפ"
    },
    {
      "code": "http://fhir.gmc.health.gov.il/identifier/sap-user-vma",
      "display": "נהריה - משתמש סאפ"
    },
    {
      "code": "http://fhir.hymc.health.gov.il/identifier/sap-user-vma",
      "display": "הלל יפה - משתמש סאפ"
    },
    {
      "code": "http://fhir.sheba.health.gov.il/identifier/sap-user-vma",
      "display": "שיבא - משתמש סאפ"
    },
    {
      "code": "http://fhir.b-zion.health.gov.il/identifier/sap-user-vma",
      "display": "בני ציון - משתמש סאפ"
    },
    {
      "code": "http://fhir.rambam.health.gov.il/identifier/sap-user-vma",
      "display": "רמבם - משתמש סאפ"
    },
    {
      "code": "http://fhir.shamir.health.gov.il/identifier/sap-user-vma",
      "display": "שמיר - משתמש סאפ"
    },
    {
      "code": "http://fhir.ziv.health.gov.il/identifier/sap-user-vma",
      "display": "זיו - משתמש סאפ"
    },
    {
      "code": "http://fhir.Wolfson.health.gov.il/identifier/sap-user-vma",
      "display": "וולפסון - משתמש סאפ"
    },
    {
      "code": "http://fhir.Tasmc.health.gov.il/identifier/sap-user-vma",
      "display": "איכילוב - משתמש סאפ"
    },
    {
      "code": "http://fhir.tzafon.health.gov.il/identifier/sap-user-vma",
      "display": "פוריה - משתמש סאפ"
    },
    {
      "code": "http://fhir.bmc.health.gov.il/identifier/cml-ou-code",
      "display": "ברזילי - קוד יחידה-קמיליון"
    },
    {
      "code": "http://fhir.gmc.health.gov.il/identifier/cml-ou-code",
      "display": "נהריה - קוד יחידה-קמיליון"
    },
    {
      "code": "http://fhir.hymc.health.gov.il/identifier/cml-ou-code",
      "display": "הלל יפה - קוד יחידה-קמיליון"
    },
    {
      "code": "http://fhir.sheba.health.gov.il/identifier/cml-ou-code",
      "display": "שיבא - קוד יחידה-קמיליון"
    },
    {
      "code": "http://fhir.b-zion.health.gov.il/identifier/cml-ou-code",
      "display": "בני ציון - קוד יחידה-קמיליון"
    },
    {
      "code": "http://fhir.rambam.health.gov.il/identifier/cml-ou-code",
      "display": "רמבם - קוד יחידה-קמיליון"
    },
    {
      "code": "http://fhir.shamir.health.gov.il/identifier/cml-ou-code",
      "display": "שמיר - קוד יחידה-קמיליון"
    },
    {
      "code": "http://fhir.ziv.health.gov.il/identifier/cml-ou-code",
      "display": "זיו - קוד יחידה-קמיליון"
    },
    {
      "code": "http://fhir.Wolfson.health.gov.il/identifier/cml-ou-code",
      "display": "וולפסון - קוד יחידה-קמיליון"
    },
    {
      "code": "http://fhir.Tasmc.health.gov.il/identifier/cml-ou-code",
      "display": "איכילוב - קוד יחידה-קמיליון"
    },
    {
      "code": "http://fhir.tzafon.health.gov.il/identifier/cml-ou-code",
      "display": "פוריה - קוד יחידה-קמיליון"
    },
    {
      "code": "http://fhir.bmc.health.gov.il/identifier/nmr-ou-text",
      "display": "ברזילי - מזהה יחידה טקסט-נמר"
    },
    {
      "code": "http://fhir.gmc.health.gov.il/identifier/nmr-ou-text",
      "display": "נהריה - מזהה יחידה טקסט-נמר"
    },
    {
      "code": "http://fhir.hymc.health.gov.il/identifier/nmr-ou-text",
      "display": "הלל יפה - מזהה יחידה טקסט-נמר"
    },
    {
      "code": "http://fhir.sheba.health.gov.il/identifier/nmr-ou-text",
      "display": "שיבא - מזהה יחידה טקסט-נמר"
    },
    {
      "code": "http://fhir.b-zion.health.gov.il/identifier/nmr-ou-text",
      "display": "בני ציון - מזהה יחידה טקסט-נמר"
    },
    {
      "code": "http://fhir.rambam.health.gov.il/identifier/nmr-ou-text",
      "display": "רמבם - מזהה יחידה טקסט-נמר"
    },
    {
      "code": "http://fhir.shamir.health.gov.il/identifier/nmr-ou-text",
      "display": "שמיר - מזהה יחידה טקסט-נמר"
    },
    {
      "code": "http://fhir.ziv.health.gov.il/identifier/nmr-ou-text",
      "display": "זיו - מזהה יחידה טקסט-נמר"
    },
    {
      "code": "http://fhir.Wolfson.health.gov.il/identifier/nmr-ou-text",
      "display": "וולפסון - מזהה יחידה טקסט-נמר"
    },
    {
      "code": "http://fhir.Tasmc.health.gov.il/identifier/nmr-ou-text",
      "display": "איכילוב -מזהה יחידה טקסט-נמר"
    },
    {
      "code": "http://fhir.tzafon.health.gov.il/identifier/nmr-ou-text",
      "display": "פוריה - מזהה יחידה טקסט-נמר"
    },
    {
      "code": "http://fhir.bmc.health.gov.il/identifier/nmr-ou-code",
      "display": "ברזילי - מזהה יחידה קוד-נמר"
    },
    {
      "code": "http://fhir.gmc.health.gov.il/identifier/nmr-ou-code",
      "display": "נהריה - מזהה יחידה קוד-נמר"
    },
    {
      "code": "http://fhir.hymc.health.gov.il/identifier/nmr-ou-code",
      "display": "הלל יפה - מזהה יחידה קוד-נמר"
    },
    {
      "code": "http://fhir.sheba.health.gov.il/identifier/nmr-ou-code",
      "display": "שיבא - מזהה יחידה קוד-נמר"
    },
    {
      "code": "http://fhir.b-zion.health.gov.il/identifier/nmr-ou-code",
      "display": "בני ציון - מזהה יחידה קוד-נמר"
    },
    {
      "code": "http://fhir.rambam.health.gov.il/identifier/nmr-ou-code",
      "display": "רמבם - מזהה יחידה קוד-נמר"
    },
    {
      "code": "http://fhir.shamir.health.gov.il/identifier/nmr-ou-code",
      "display": "שמיר - מזהה יחידה קוד-נמר"
    },
    {
      "code": "http://fhir.ziv.health.gov.il/identifier/nmr-ou-code",
      "display": "זיו - מזהה יחידה קוד-נמר"
    },
    {
      "code": "http://fhir.Wolfson.health.gov.il/identifier/nmr-ou-code",
      "display": "וולפסון - מזהה יחידה קוד-נמר"
    },
    {
      "code": "http://fhir.Tasmc.health.gov.il/identifier/nmr-ou-code",
      "display": "איכילוב -מזהה יחידה קוד-נמר"
    },
    {
      "code": "http://fhir.tzafon.health.gov.il/identifier/nmr-ou-code",
      "display": "פוריה - מזהה יחידה קוד-נמר"
    },
    {
      "code": "http://fhir.bmc.health.gov.il/identifier/cml-hosp-code",
      "display": "ברזילי - קוד ביח-קמיליון"
    },
    {
      "code": "http://fhir.gmc.health.gov.il/identifier/cml-hosp-code",
      "display": "נהריה - קוד ביח-קמיליון"
    },
    {
      "code": "http://fhir.hymc.health.gov.il/identifier/cml-hosp-code",
      "display": "הלל יפה - קוד ביח-קמיליון"
    },
    {
      "code": "http://fhir.sheba.health.gov.il/identifier/cml-hosp-code",
      "display": "שיבא - קוד ביח-קמיליון"
    },
    {
      "code": "http://fhir.b-zion.health.gov.il/identifier/cml-hosp-code",
      "display": "בני ציון - קוד ביח-קמיליון"
    },
    {
      "code": "http://fhir.rambam.health.gov.il/identifier/cml-hosp-code",
      "display": "רמבם - קוד ביח-קמיליון"
    },
    {
      "code": "http://fhir.shamir.health.gov.il/identifier/cml-hosp-code",
      "display": "שמיר - קוד ביח-קמיליון"
    },
    {
      "code": "http://fhir.ziv.health.gov.il/identifier/cml-hosp-code",
      "display": "זיו - קוד ביח-קמיליון"
    },
    {
      "code": "http://fhir.Wolfson.health.gov.il/identifier/cml-hosp-code",
      "display": "וולפסון - קוד ביח-קמיליון"
    },
    {
      "code": "http://fhir.Tasmc.health.gov.il/identifier/cml-hosp-code",
      "display": "איכילוב - קוד ביח-קמיליון"
    },
    {
      "code": "http://fhir.tzafon.health.gov.il/identifier/cml-hosp-code",
      "display": "פוריה - קוד ביח-קמיליון"
    },
    {
      "code": "http://fhir.bmc.health.gov.il/identifier/cml-bed-id",
      "display": "ברזילי - מזהה מיטה-קמיליון"
    },
    {
      "code": "http://fhir.gmc.health.gov.il/identifier/cml-bed-id",
      "display": "נהריה - מזהה מיטה-קמיליון"
    },
    {
      "code": "http://fhir.hymc.health.gov.il/identifier/cml-bed-id",
      "display": "הלל יפה - מזהה מיטה-קמיליון"
    },
    {
      "code": "http://fhir.sheba.health.gov.il/identifier/cml-bed-id",
      "display": "שיבא - מזהה מיטה-קמיליון"
    },
    {
      "code": "http://fhir.b-zion.health.gov.il/identifier/cml-bed-id",
      "display": "בני ציון - מזהה מיטה-קמיליון"
    },
    {
      "code": "http://fhir.rambam.health.gov.il/identifier/cml-bed-id",
      "display": "רמבם - מזהה מיטה-קמיליון"
    },
    {
      "code": "http://fhir.shamir.health.gov.il/identifier/cml-bed-id",
      "display": "שמיר - מזהה מיטה-קמיליון"
    },
    {
      "code": "http://fhir.ziv.health.gov.il/identifier/cml-bed-id",
      "display": "זיו - מזהה מיטה-קמיליון"
    },
    {
      "code": "http://fhir.Wolfson.health.gov.il/identifier/cml-bed-id",
      "display": "וולפסון - מזהה מיטה-קמיליון"
    },
    {
      "code": "http://fhir.Tasmc.health.gov.il/identifier/cml-bed-id",
      "display": "איכילוב - מזהה מיטה-קמיליון"
    },
    {
      "code": "http://fhir.tzafon.health.gov.il/identifier/cml-bed-id",
      "display": "פוריה - מזהה מיטה-קמיליון"
    },
    {
      "code": "http://fhir.bmc.health.gov.il/identifier/cml-room-id",
      "display": "ברזילי - מזהה חדר-קמיליון"
    },
    {
      "code": "http://fhir.gmc.health.gov.il/identifier/cml-room-id",
      "display": "נהריה - מזהה חדר-קמיליון"
    },
    {
      "code": "http://fhir.hymc.health.gov.il/identifier/cml-room-id",
      "display": "הלל יפה - מזהה חדר-קמיליון"
    },
    {
      "code": "http://fhir.sheba.health.gov.il/identifier/cml-room-id",
      "display": "שיבא - מזהה חדר-קמיליון"
    },
    {
      "code": "http://fhir.b-zion.health.gov.il/identifier/cml-room-id",
      "display": "בני ציון - מזהה חדר-קמיליון"
    },
    {
      "code": "http://fhir.rambam.health.gov.il/identifier/cml-room-id",
      "display": "רמבם - מזהה חדר-קמיליון"
    },
    {
      "code": "http://fhir.shamir.health.gov.il/identifier/cml-room-id",
      "display": "שמיר - מזהה חדר-קמיליון"
    },
    {
      "code": "http://fhir.ziv.health.gov.il/identifier/cml-room-id",
      "display": "זיו - מזהה חדר-קמיליון"
    },
    {
      "code": "http://fhir.Wolfson.health.gov.il/identifier/cml-room-id",
      "display": "וולפסון - מזהה חדר-קמיליון"
    },
    {
      "code": "http://fhir.Tasmc.health.gov.il/identifier/cml-room-id",
      "display": "איכילוב - מזהה חדר-קמיליון"
    },
    {
      "code": "http://fhir.tzafon.health.gov.il/identifier/cml-room-id",
      "display": "פוריה - מזהה חדר-קמיליון"
    },
    {
      "code": "http://fhir.bmc.health.gov.il/identifier/allergyInt-other",
      "display": "ברזילי - מזהה רגישות - אחר"
    },
    {
      "code": "http://fhir.gmc.health.gov.il/identifier/allergyInt-other",
      "display": "נהריה - מזהה רגישות - אחר"
    },
    {
      "code": "http://fhir.hymc.health.gov.il/identifier/allergyInt-other",
      "display": "הלל יפה - מזהה רגישות - אחר"
    },
    {
      "code": "http://fhir.sheba.health.gov.il/identifier/allergyInt-other",
      "display": "שיבא - מזהה רגישות - אחר"
    },
    {
      "code": "http://fhir.b-zion.health.gov.il/identifier/allergyInt-other",
      "display": "בני ציון - מזהה רגישות - אחר"
    },
    {
      "code": "http://fhir.rambam.health.gov.il/identifier/allergyInt-other",
      "display": "רמבם - מזהה רגישות - אחר"
    },
    {
      "code": "http://fhir.shamir.health.gov.il/identifier/allergyInt-other",
      "display": "שמיר - מזהה רגישות - אחר"
    },
    {
      "code": "http://fhir.ziv.health.gov.il/identifier/allergyInt-other",
      "display": "זיו - מזהה רגישות - אחר"
    },
    {
      "code": "http://fhir.Wolfson.health.gov.il/identifier/allergyInt-other",
      "display": "וולפסון - מזהה רגישות - אחר"
    },
    {
      "code": "http://fhir.Tasmc.health.gov.il/identifier/allergyInt-other",
      "display": "איכילוב - מזהה רגישות - אחר"
    },
    {
      "code": "http://fhir.tzafon.health.gov.il/identifier/allergyInt-other",
      "display": "פוריה - מזהה רגישות - אחר"
    },
    {
      "code": "http://fhir.bmc.health.gov.il/identifier/allergyInt-comment",
      "display": "ברזילי - מזהה רגישות - הערה"
    },
    {
      "code": "http://fhir.gmc.health.gov.il/identifier/allergyInt-comment",
      "display": "נהריה - מזהה רגישות - הערה"
    },
    {
      "code": "http://fhir.hymc.health.gov.il/identifier/allergyInt-comment",
      "display": "הלל יפה - מזהה רגישות - הערה"
    },
    {
      "code": "http://fhir.sheba.health.gov.il/identifier/allergyInt-comment",
      "display": "שיבא - מזהה רגישות - הערה"
    },
    {
      "code": "http://fhir.b-zion.health.gov.il/identifier/allergyInt-comment",
      "display": "בני ציון - מזהה רגישות - הערה"
    },
    {
      "code": "http://fhir.rambam.health.gov.il/identifier/allergyInt-comment",
      "display": "רמבם - מזהה רגישות - הערה"
    },
    {
      "code": "http://fhir.shamir.health.gov.il/identifier/allergyInt-comment",
      "display": "שמיר - מזהה רגישות - הערה"
    },
    {
      "code": "http://fhir.ziv.health.gov.il/identifier/allergyInt-comment",
      "display": "זיו - מזהה רגישות - הערה"
    },
    {
      "code": "http://fhir.Wolfson.health.gov.il/identifier/allergyInt-comment",
      "display": "וולפסון - מזהה רגישות - הערה"
    },
    {
      "code": "http://fhir.Tasmc.health.gov.il/identifier/allergyInt-comment",
      "display": "איכילוב - מזהה רגישות - הערה"
    },
    {
      "code": "http://fhir.tzafon.health.gov.il/identifier/allergyInt-comment",
      "display": "פוריה - מזהה רגישות - הערה"
    },
    {
      "code": "http://fhir.bmc.health.gov.il/identifier/allergyInt-medication",
      "display": "ברזילי - מזהה רגישות - תרופות"
    },
    {
      "code": "http://fhir.gmc.health.gov.il/identifier/allergyInt-medication",
      "display": "נהריה - מזהה רגישות - תרופות"
    },
    {
      "code": "http://fhir.hymc.health.gov.il/identifier/allergyInt-medication",
      "display": "הלל יפה - מזהה רגישות - תרופות"
    },
    {
      "code": "http://fhir.sheba.health.gov.il/identifier/allergyInt-medication",
      "display": "שיבא - מזהה רגישות - תרופות"
    },
    {
      "code": "http://fhir.b-zion.health.gov.il/identifier/allergyInt-medication",
      "display": "בני ציון - מזהה רגישות - תרופות"
    },
    {
      "code": "http://fhir.rambam.health.gov.il/identifier/allergyInt-medication",
      "display": "רמבם - מזהה רגישות - תרופות"
    },
    {
      "code": "http://fhir.shamir.health.gov.il/identifier/allergyInt-medication",
      "display": "שמיר - מזהה רגישות - תרופות"
    },
    {
      "code": "http://fhir.ziv.health.gov.il/identifier/allergyInt-medication",
      "display": "זיו - מזהה רגישות - תרופות"
    },
    {
      "code": "http://fhir.Wolfson.health.gov.il/identifier/allergyInt-medication",
      "display": "וולפסון - מזהה רגישות - תרופות"
    },
    {
      "code": "http://fhir.Tasmc.health.gov.il/identifier/allergyInt-medication",
      "display": "איכילוב - מזהה רגישות - תרופות"
    },
    {
      "code": "http://fhir.tzafon.health.gov.il/identifier/allergyInt-medication",
      "display": "פוריה - מזהה רגישות - תרופות"
    },
    {
      "code": "http://fhir.bmc.health.gov.il/cs/allergyInt-code-other",
      "display": "ברזילי - קודי רגישות - אחר"
    },
    {
      "code": "http://fhir.gmc.health.gov.il/cs/allergyInt-code-other",
      "display": "נהריה - קודי רגישות - אחר"
    },
    {
      "code": "http://fhir.hymc.health.gov.il/cs/allergyInt-code-other",
      "display": "הלל יפה - קודי רגישות - אחר"
    },
    {
      "code": "http://fhir.sheba.health.gov.il/cs/allergyInt-code-other",
      "display": "שיבא - קודי רגישות - אחר"
    },
    {
      "code": "http://fhir.b-zion.health.gov.il/cs/allergyInt-code-other",
      "display": "בני ציון - קודי רגישות - אחר"
    },
    {
      "code": "http://fhir.rambam.health.gov.il/cs/allergyInt-code-other",
      "display": "רמבם - קודי רגישות - אחר"
    },
    {
      "code": "http://fhir.shamir.health.gov.il/cs/allergyInt-code-other",
      "display": "שמיר - קודי רגישות - אחר"
    },
    {
      "code": "http://fhir.ziv.health.gov.il/cs/allergyInt-code-other",
      "display": "זיו - קודי רגישות - אחר אחר"
    },
    {
      "code": "http://fhir.Wolfson.health.gov.il/cs/allergyInt-code-other",
      "display": "וולפסון - קודי רגישות - אחר"
    },
    {
      "code": "http://fhir.Tasmc.health.gov.il/cs/allergyInt-code-other",
      "display": "איכילוב - קודי רגישות - אחר"
    },
    {
      "code": "http://fhir.tzafon.health.gov.il/cs/allergyInt-code-other",
      "display": "פוריה - קודי רגישות - אחר"
    },
    {
      "code": "http://fhir.bmc.health.gov.il/cs/allergyInt-code-external",
      "display": "ברזילי - קודי רגישות - קוד חיצוני"
    },
    {
      "code": "http://fhir.gmc.health.gov.il/cs/allergyInt-code-external",
      "display": "נהריה - קודי רגישות - קוד חיצוני"
    },
    {
      "code": "http://fhir.hymc.health.gov.il/cs/allergyInt-code-external",
      "display": "הלל יפה - קודי רגישות - קוד חיצוני"
    },
    {
      "code": "http://fhir.sheba.health.gov.il/cs/allergyInt-code-external",
      "display": "שיבא - קודי רגישות - קוד חיצוני"
    },
    {
      "code": "http://fhir.b-zion.health.gov.il/cs/allergyInt-code-external",
      "display": "בני ציון - קודי רגישות - קוד חיצוני"
    },
    {
      "code": "http://fhir.rambam.health.gov.il/cs/allergyInt-code-external",
      "display": "רמבם - קודי רגישות - קוד חיצוני"
    },
    {
      "code": "http://fhir.shamir.health.gov.il/cs/allergyInt-code-external",
      "display": "שמיר - קודי רגישות - קוד חיצוני"
    },
    {
      "code": "http://fhir.ziv.health.gov.il/cs/allergyInt-code-external",
      "display": "זיו - קודי רגישות - קוד חיצוני"
    },
    {
      "code": "http://fhir.Wolfson.health.gov.il/cs/allergyInt-code-external",
      "display": "וולפסון - קודי רגישות - קוד חיצוני"
    },
    {
      "code": "http://fhir.Tasmc.health.gov.il/cs/allergyInt-code-external",
      "display": "איכילוב - קודי רגישות - קוד חיצוני"
    },
    {
      "code": "http://fhir.tzafon.health.gov.il/cs/allergyInt-code-external",
      "display": "פוריה - קודי רגישות - קוד חיצוני"
    },
    {
      "code": "http://fhir.bmc.health.gov.il/cs/allergyInt-code-medication",
      "display": "ברזילי - קודי רגישות - תרופות"
    },
    {
      "code": "http://fhir.gmc.health.gov.il/cs/allergyInt-code-medication",
      "display": "נהריה - קודי רגישות - תרופות"
    },
    {
      "code": "http://fhir.hymc.health.gov.il/cs/allergyInt-code-medication",
      "display": "הלל יפה - קודי רגישות - תרופות"
    },
    {
      "code": "http://fhir.sheba.health.gov.il/cs/allergyInt-code-medication",
      "display": "שיבא - קודי רגישות - תרופות"
    },
    {
      "code": "http://fhir.b-zion.health.gov.il/cs/allergyInt-code-medication",
      "display": "בני ציון - קודי רגישות - תרופות"
    },
    {
      "code": "http://fhir.rambam.health.gov.il/cs/allergyInt-code-medication",
      "display": "רמבם - קודי רגישות - תרופות"
    },
    {
      "code": "http://fhir.shamir.health.gov.il/cs/allergyInt-code-medication",
      "display": "שמיר - קודי רגישות - תרופות"
    },
    {
      "code": "http://fhir.ziv.health.gov.il/cs/allergyInt-code-medication",
      "display": "זיו - קודי רגישות - תרופות"
    },
    {
      "code": "http://fhir.Wolfson.health.gov.il/cs/allergyInt-code-medication",
      "display": "וולפסון - קודי רגישות - תרופות"
    },
    {
      "code": "http://fhir.Tasmc.health.gov.il/cs/allergyInt-code-medication",
      "display": "איכילוב - קודי רגישות - תרופות"
    },
    {
      "code": "http://fhir.tzafon.health.gov.il/cs/allergyInt-code-medication",
      "display": "פוריה - קודי רגישות - תרופות"
    },
    {
      "code": "http://fhir.bmc.health.gov.il/cs/allergyInt-reaction",
      "display": "ברזילי - קודי תגובה לרגישות"
    },
    {
      "code": "http://fhir.gmc.health.gov.il/cs/allergyInt-reaction",
      "display": "נהריה - קודי תגובה לרגישות"
    },
    {
      "code": "http://fhir.hymc.health.gov.il/cs/allergyInt-reaction",
      "display": "הלל יפה - קודי תגובה לרגישות"
    },
    {
      "code": "http://fhir.sheba.health.gov.il/cs/allergyInt-reaction",
      "display": "שיבא - קודי תגובה לרגישות"
    },
    {
      "code": "http://fhir.b-zion.health.gov.il/cs/allergyInt-reaction",
      "display": "בני ציון - קודי תגובה לרגישות"
    },
    {
      "code": "http://fhir.rambam.health.gov.il/cs/allergyInt-reaction",
      "display": "רמבם - קודי תגובה לרגישות"
    },
    {
      "code": "http://fhir.shamir.health.gov.il/cs/allergyInt-reaction",
      "display": "שמיר - קודי תגובה לרגישות"
    },
    {
      "code": "http://fhir.ziv.health.gov.il/cs/allergyInt-reaction",
      "display": "זיו - קודי תגובה לרגישות"
    },
    {
      "code": "http://fhir.Wolfson.health.gov.il/cs/allergyInt-reaction",
      "display": "וולפסון - קודי תגובה לרגישות"
    },
    {
      "code": "http://fhir.Tasmc.health.gov.il/cs/allergyInt-reaction",
      "display": "איכילוב - קודי תגובה לרגישות"
    },
    {
      "code": "http://fhir.tzafon.health.gov.il/cs/allergyInt-reaction",
      "display": "פוריה - קודי תגובה לרגישות"
    },
    {
      "code": "http://fhir.bmc.health.gov.il/cs/allergyInt-manifestation",
      "display": "ברזילי - קודי תגובה לרגישות"
    },
    {
      "code": "http://fhir.gmc.health.gov.il/cs/allergyInt-manifestation",
      "display": "נהריה - קודי תגובה לרגישות"
    },
    {
      "code": "http://fhir.hymc.health.gov.il/cs/allergyInt-manifestation",
      "display": "הלל יפה - קודי תגובה לרגישות"
    },
    {
      "code": "http://fhir.sheba.health.gov.il/cs/allergyInt-manifestation",
      "display": "שיבא - קודי תגובה לרגישות"
    },
    {
      "code": "http://fhir.b-zion.health.gov.il/cs/allergyInt-manifestation",
      "display": "בני ציון - קודי תגובה לרגישות"
    },
    {
      "code": "http://fhir.rambam.health.gov.il/cs/allergyInt-manifestation",
      "display": "רמבם - קודי תגובה לרגישות"
    },
    {
      "code": "http://fhir.shamir.health.gov.il/cs/allergyInt-manifestation",
      "display": "שמיר - קודי תגובה לרגישות"
    },
    {
      "code": "http://fhir.ziv.health.gov.il/cs/allergyInt-manifestation",
      "display": "זיו - קודי תגובה לרגישות"
    },
    {
      "code": "http://fhir.Wolfson.health.gov.il/cs/allergyInt-manifestation",
      "display": "וולפסון - קודי תגובה לרגישות"
    },
    {
      "code": "http://fhir.Tasmc.health.gov.il/cs/allergyInt-manifestation",
      "display": "איכילוב - קודי תגובה לרגישות"
    },
    {
      "code": "http://fhir.tzafon.health.gov.il/cs/allergyInt-manifestation",
      "display": "פוריה - קודי תגובה לרגישות"
    },
    {
      "code": "http://fhir.bmc.health.gov.il/identifier/cml-diagnosis-rowid",
      "display": "ברזילי - מזהה אבחנה בטבלת אבחנות"
    },
    {
      "code": "http://fhir.gmc.health.gov.il/identifier/cml-diagnosis-rowid",
      "display": "נהריה - מזהה אבחנה בטבלת אבחנות"
    },
    {
      "code": "http://fhir.hymc.health.gov.il/identifier/cml-diagnosis-rowid",
      "display": "הלל יפה - מזהה אבחנה בטבלת אבחנות"
    },
    {
      "code": "http://fhir.sheba.health.gov.il/identifier/cml-diagnosis-rowid",
      "display": "שיבא - מזהה אבחנה בטבלת אבחנות"
    },
    {
      "code": "http://fhir.b-zion.health.gov.il/identifier/cml-diagnosis-rowid",
      "display": "בני ציון - מזהה אבחנה בטבלת אבחנות"
    },
    {
      "code": "http://fhir.rambam.health.gov.il/identifier/cml-diagnosis-rowid",
      "display": "רמבם - מזהה אבחנה בטבלת אבחנות"
    },
    {
      "code": "http://fhir.shamir.health.gov.il/identifier/cml-diagnosis-rowid",
      "display": "שמיר - מזהה אבחנה בטבלת אבחנות"
    },
    {
      "code": "http://fhir.ziv.health.gov.il/identifier/cml-diagnosis-rowid",
      "display": "זיו - מזהה אבחנה בטבלת אבחנות"
    },
    {
      "code": "http://fhir.Wolfson.health.gov.il/identifier/cml-diagnosis-rowid",
      "display": "וולפסון - מזהה אבחנה בטבלת אבחנות"
    },
    {
      "code": "http://fhir.Tasmc.health.gov.il/identifier/cml-diagnosis-rowid",
      "display": "איכילוב - מזהה אבחנה בטבלת אבחנות"
    },
    {
      "code": "http://fhir.tzafon.health.gov.il/identifier/cml-diagnosis-rowid",
      "display": "פוריה - מזהה אבחנה בטבלת אבחנות"
    },
    {
      "code": "http://fhir.bmc.health.gov.il/identifier/cml-diagnosis-code",
      "display": "ברזילי - קוד אבחנה-קמיליון"
    },
    {
      "code": "http://fhir.gmc.health.gov.il/identifier/cml-diagnosis-code",
      "display": "נהריה - קוד אבחנה-קמיליון"
    },
    {
      "code": "http://fhir.hymc.health.gov.il/identifier/cml-diagnosis-code",
      "display": "הלל יפה - קוד אבחנה-קמיליון"
    },
    {
      "code": "http://fhir.sheba.health.gov.il/identifier/cml-diagnosis-code",
      "display": "שיבא - קוד אבחנה-קמיליון"
    },
    {
      "code": "http://fhir.b-zion.health.gov.il/identifier/cml-diagnosis-code",
      "display": "בני ציון - קוד אבחנה-קמיליון"
    },
    {
      "code": "http://fhir.rambam.health.gov.il/identifier/cml-diagnosis-code",
      "display": "רמבם - קוד אבחנה-קמיליון"
    },
    {
      "code": "http://fhir.shamir.health.gov.il/identifier/cml-diagnosis-code",
      "display": "שמיר - קוד אבחנה-קמיליון"
    },
    {
      "code": "http://fhir.ziv.health.gov.il/identifier/cml-diagnosis-code",
      "display": "זיו - קוד אבחנה-קמיליון"
    },
    {
      "code": "http://fhir.Wolfson.health.gov.il/identifier/cml-diagnosis-code",
      "display": "וולפסון - קוד אבחנה-קמיליון"
    },
    {
      "code": "http://fhir.Tasmc.health.gov.il/identifier/cml-diagnosis-code",
      "display": "איכילוב - קוד אבחנה-קמיליון"
    },
    {
      "code": "http://fhir.tzafon.health.gov.il/identifier/cml-diagnosis-code",
      "display": "פוריה - קוד אבחנה-קמיליון"
    }
  ],
  "caseSensitive": true,
  "version": "0.1.23",
  "publisher": "Division of Governmental Hospitals Israel",
  "date": "2025-03-13",
  "count": 319
}
