{
  "resourceType": "CodeSystem",
  "status": "draft",
  "content": "complete",
  "name": "NmrOuType",
  "id": "nmr-ou-type",
  "title": "Nmr OU Type",
  "description": "Namer Organizational Unit Type",
  "url": "http://fhir.dgmc.health.gov.il/cs/nmr-ou-type",
  "concept": [
    {
      "code": "AC",
      "display": "מוקדי זימונים"
    },
    {
      "code": "AD",
      "display": "יח. רפ. אדמיניסטרציה"
    },
    {
      "code": "AR",
      "display": "ארכיון"
    },
    {
      "code": "CR",
      "display": "ייעוץ"
    },
    {
      "code": "D",
      "display": "אגף"
    },
    {
      "code": "G",
      "display": "שער קבלה לבי\"ח"
    },
    {
      "code": "HO",
      "display": "בית חולים"
    },
    {
      "code": "L",
      "display": "אגף מעבדות"
    },
    {
      "code": "LB",
      "display": "מעבדה"
    },
    {
      "code": "OC",
      "display": "חדר ניתוח"
    },
    {
      "code": "OP",
      "display": "חדר ניתוח - מחלקתי"
    },
    {
      "code": "RD",
      "display": "אגף בארכיון"
    },
    {
      "code": "SE",
      "display": "יח. רפואית - מלר\"ד"
    },
    {
      "code": "SI",
      "display": "יח. רפואית - אשפוז"
    },
    {
      "code": "SO",
      "display": "יח. רפואית - מרפאות"
    },
    {
      "code": "ST",
      "display": "חטיבה"
    },
    {
      "code": "TR",
      "display": "יח. טיפול - מרפאות"
    },
    {
      "code": "TS",
      "display": "יחידת שינוע"
    },
    {
      "code": "UE",
      "display": "תת יח. רפואית- מלר\"ד"
    },
    {
      "code": "UI",
      "display": "תת יח. רפואית- אשפוז"
    },
    {
      "code": "WE",
      "display": "מיקום פיזי - מלר\"ד"
    },
    {
      "code": "WI",
      "display": "מיקום פיזי - אשפוז"
    }
  ],
  "version": "0.1.23",
  "publisher": "Division of Governmental Hospitals Israel",
  "date": "2025-03-13",
  "count": 22
}
