{
  "resourceType": "CodeSystem",
  "status": "draft",
  "content": "complete",
  "name": "BodySiteLaterality",
  "id": "body-site-laterality",
  "title": "body-site-laterality",
  "description": "Laterality of body sides diagnosis",
  "url": "http://fhir.dgmc.health.gov.il/cs/body-site-laterlity",
  "concept": [
    {
      "code": "24028007",
      "display": "Right"
    },
    {
      "code": "7771000",
      "display": "Left"
    },
    {
      "code": "51440001",
      "display": "Both Sides"
    }
  ],
  "version": "0.1.23",
  "publisher": "Division of Governmental Hospitals Israel",
  "date": "2025-03-13",
  "caseSensitive": true,
  "count": 3
}
