{
  "resourceType": "CodeSystem",
  "status": "draft",
  "content": "complete",
  "name": "CmlConsultationType",
  "id": "cml-consultation-type",
  "title": "Chameleon Consultation Type",
  "description": "Chameleon Consultation Type Codes",
  "url": "http://fhir.dgmc.health.gov.il/cs/cml-consultation-type",
  "concept": [
    {
      "code": "1",
      "display": "הזמנת יעוץ מתוך ביה\"ח"
    },
    {
      "code": "2",
      "display": "יעוץ ללא הזמנה"
    },
    {
      "code": "3",
      "display": "יעוץ ללא הזמנה"
    },
    {
      "code": "4",
      "display": "הזמנת יעוץ מחוץ ביה\"ח"
    }
  ],
  "caseSensitive": true,
  "version": "0.1.23",
  "publisher": "Division of Governmental Hospitals Israel",
  "date": "2025-03-13",
  "count": 4
}
