{
  "resourceType": "CodeSystem",
  "status": "draft",
  "content": "complete",
  "name": "CmlMedicalRecordType",
  "id": "cml-medical-record-type",
  "title": "Chamileon Record Type",
  "description": "Chamileon Record Type",
  "url": "http://fhir.dgmc.health.gov.il/cs/cml-medical-record-type",
  "concept": [
    {
      "code": "10",
      "display": "ביקור במיון"
    },
    {
      "code": "2",
      "display": "קבלה לאשפוז"
    },
    {
      "code": "3",
      "display": "מהלך אשפוז"
    },
    {
      "code": "4",
      "display": "שחרור מאשפוז"
    },
    {
      "code": "6",
      "display": "ביקור במרפאה"
    },
    {
      "code": "65",
      "display": "טיפול דיאליזה"
    }
  ],
  "version": "0.1.23",
  "publisher": "Division of Governmental Hospitals Israel",
  "date": "2025-03-13",
  "caseSensitive": true,
  "count": 6
}
