{
  "resourceType": "CodeSystem",
  "status": "draft",
  "content": "complete",
  "name": "DiagnosisLocalCode",
  "id": "diagnosis-local-code",
  "title": "Code System For Diagnosis Codes use only localy",
  "description": "Code System For Diagnosis Codes use only localy",
  "url": "http://fhir.dgmc.health.gov.il/cs/diagnosis-local-code",
  "concept": [
    {
      "code": "-1",
      "display": "לא ידוע"
    }
  ],
  "version": "0.1.23",
  "publisher": "Division of Governmental Hospitals Israel",
  "date": "2025-03-13",
  "caseSensitive": true,
  "count": 1
}
