{
  "resourceType": "CodeSystem",
  "status": "draft",
  "content": "complete",
  "name": "NmrHmoCode",
  "id": "nmr-hmo-code",
  "title": "Nmr Hmo Code",
  "description": "Namer HMO Local Code",
  "url": "http://fhir.dgmc.health.gov.il/cs/nmr-hmo-code",
  "concept": [
    {
      "code": "10",
      "display": "כללית"
    },
    {
      "code": "11",
      "display": "מכבי"
    },
    {
      "code": "12",
      "display": "מאוחדת"
    },
    {
      "code": "13",
      "display": "לאומית"
    },
    {
      "code": "80",
      "display": "כללית חיילים"
    },
    {
      "code": "81",
      "display": "מכבי חיילים"
    },
    {
      "code": "82",
      "display": "מאוחדת חיילים"
    },
    {
      "code": "83",
      "display": "לאומית חיילים"
    },
    {
      "code": "98",
      "display": "ללא קופ\"ח"
    },
    {
      "code": "99",
      "display": "קופ\"ח לא ידועה"
    }
  ],
  "version": "0.1.23",
  "publisher": "Division of Governmental Hospitals Israel",
  "date": "2025-03-13",
  "count": 10
}
