{
  "resourceType": "CodeSystem",
  "status": "draft",
  "content": "complete",
  "name": "PatientVisitorType",
  "id": "patient-visitor-type",
  "title": "Patient Visitor Type",
  "description": "Patient Visitor Type",
  "url": "http://fhir.dgmc.health.gov.il/cs/patient-visitor-type",
  "concept": [
    {
      "code": "1",
      "display": "אזרח ישראלי"
    },
    {
      "code": "2",
      "display": "צה\"ל - חילים"
    },
    {
      "code": "4",
      "display": "תייר / תושב חוץ"
    },
    {
      "code": "5",
      "display": "תושב שטחים"
    },
    {
      "code": "7",
      "display": "עובד זר"
    },
    {
      "code": "8",
      "display": "ילדי עובד זר"
    },
    {
      "code": "9",
      "display": "תיירות מרפא"
    },
    {
      "code": "10",
      "display": "או\"ם"
    },
    {
      "code": "11",
      "display": "משרד הבטחון"
    },
    {
      "code": "12",
      "display": "דייר רחוב"
    },
    {
      "code": "13",
      "display": "עובד זר עם אשרה"
    },
    {
      "code": "14",
      "display": "שבוי"
    },
    {
      "code": "15",
      "display": "תושב ארעי"
    },
    {
      "code": "16",
      "display": "פליט"
    },
    {
      "code": "17",
      "display": "שוטר"
    },
    {
      "code": "99",
      "display": "אחר"
    }
  ],
  "version": "0.1.23",
  "publisher": "Division of Governmental Hospitals Israel",
  "date": "2025-03-13",
  "caseSensitive": true,
  "count": 16
}
