{
  "resourceType": "ImplementationGuide",
  "id": "il.fhir.r4.dgmc",
  "url": "http://fhir.dgmc.health.gov.il/ImplementationGuide/il.fhir.r4.dgmc",
  "version": "0.1.23",
  "name": "ILDGMCIG",
  "title": "Israel Division of Governmental Hospitals Profiles",
  "status": "draft",
  "publisher": "Division of Governmental Hospitals Israel",
  "contact": [
    {
      "name": "Division of Governmental Hospitals Israel",
      "telecom": [
        {
          "system": "url",
          "value": "http://dgmc.health.gov.il"
        }
      ]
    }
  ],
  "description": "FHIR Profiles and Implementation Guide for the Israel Division of Governmental Hospitals",
  "jurisdiction": [
    {
      "coding": [
        {
          "code": "IL",
          "system": "urn:iso:std:iso:3166",
          "display": "Israel"
        }
      ]
    }
  ],
  "packageId": "il.fhir.r4.dgmc",
  "fhirVersion": [
    "4.0.1"
  ],
  "dependsOn": [
    {
      "packageId": "il.core.fhir.r4",
      "uri": "http://fhir.health.gov.il/ImplementationGuide/il.core.fhir.r4",
      "version": "0.17.0",
      "id": "il_core_fhir_r4"
    }
  ],
  "definition": {
    "resource": [
      {
        "reference": {
          "reference": "CodeSystem/admission-amb-type"
        },
        "name": "Admission Amb Type",
        "description": "Ambulatory Addmision Type",
        "exampleBoolean": false
      },
      {
        "reference": {
          "reference": "CodeSystem/admission-imp-type"
        },
        "name": "Admission Inpatient Type",
        "description": "Inpatient Addmision Type",
        "exampleBoolean": false
      },
      {
        "reference": {
          "reference": "CodeSystem/admission-mvmnt-type"
        },
        "name": "Admission Movement Type",
        "description": "Movement Addmision Type",
        "exampleBoolean": false
      },
      {
        "reference": {
          "reference": "ValueSet/admission-type"
        },
        "name": "Admission Type codes",
        "description": "Admission Type codes",
        "exampleBoolean": false
      },
      {
        "reference": {
          "reference": "ValueSet/allergy-int-code-comment"
        },
        "name": "Allergy Intolerance Code Comment",
        "description": "ValueSet of Allergy Intolerance Code - Comment",
        "exampleBoolean": false
      },
      {
        "reference": {
          "reference": "ValueSet/allergy-int-code-ext-uri"
        },
        "name": "Allergy Intolerance Code External",
        "description": "ValueSet of Allergy Intolerance Code External - Other",
        "exampleBoolean": false
      },
      {
        "reference": {
          "reference": "ValueSet/allergy-int-code-med-uri"
        },
        "name": "Allergy Intolerance Code Medication",
        "description": "ValueSet of Allergy Intolerance Code - Medication",
        "exampleBoolean": false
      },
      {
        "reference": {
          "reference": "ValueSet/allergy-int-code-other-uri"
        },
        "name": "Allergy Intolerance Code Other",
        "description": "ValueSet of Allergy Intolerance Code - Other",
        "exampleBoolean": false
      },
      {
        "reference": {
          "reference": "ValueSet/allergy-int-identifier-comment-uri"
        },
        "name": "Allergy Intolerance Identifier Comment",
        "description": "ValueSet of Allergy Intolerance Identifier - Comment",
        "exampleBoolean": false
      },
      {
        "reference": {
          "reference": "ValueSet/allergy-int-identifier-med-uri"
        },
        "name": "Allergy Intolerance Identifier Medication",
        "description": "ValueSet of Allergy Intolerance Identifier - Medication",
        "exampleBoolean": false
      },
      {
        "reference": {
          "reference": "ValueSet/allergy-int-identifier-other-uri"
        },
        "name": "Allergy Intolerance Identifier Other",
        "description": "ValueSet of Allergy Intolerance Identifier - Other",
        "exampleBoolean": false
      },
      {
        "reference": {
          "reference": "ValueSet/allergy-int-manifestation-uri"
        },
        "name": "Allergy Intolerance Manifestation",
        "description": "ValueSet of Allergy Intolerance Manifestation",
        "exampleBoolean": false
      },
      {
        "reference": {
          "reference": "CodeSystem/allrgy-int-comment"
        },
        "name": "Allrgy Intolerance Comment",
        "description": "Allrgy Intolerance Comment",
        "exampleBoolean": false
      },
      {
        "reference": {
          "reference": "ValueSet/vs-body-site-laterality"
        },
        "name": "Body Site Laterality",
        "description": "Laterality of body sides as part of diagnosis discription",
        "exampleBoolean": false
      },
      {
        "reference": {
          "reference": "CodeSystem/body-site-laterality"
        },
        "name": "body-site-laterality",
        "description": "Laterality of body sides diagnosis",
        "exampleBoolean": false
      },
      {
        "reference": {
          "reference": "ValueSet/cml-bed-id-uri"
        },
        "name": "Chameleon Bed Id",
        "description": "ValueSet of all DGMC Hospitals Uris for Chameleon Beds id",
        "exampleBoolean": false
      },
      {
        "reference": {
          "reference": "ValueSet/cml-consultation-type"
        },
        "name": "Chameleon Consultation Type",
        "description": "Chameleon Consultation Type Codes",
        "exampleBoolean": false
      },
      {
        "reference": {
          "reference": "CodeSystem/cml-consultation-type"
        },
        "name": "Chameleon Consultation Type",
        "description": "Chameleon Consultation Type Codes",
        "exampleBoolean": false
      },
      {
        "reference": {
          "reference": "ValueSet/cml-diagnosis-rawid-uri"
        },
        "name": "Chameleon Diagnosis Table ID",
        "description": "ValueSet of all DGMC Hospitals Uris for Diagnosis Table ID",
        "exampleBoolean": false
      },
      {
        "reference": {
          "reference": "ValueSet/cml-hosp-code-uri"
        },
        "name": "Chameleon Hospital Codes",
        "description": "ValueSet of all DGMC Hospitals Uris for Chameleon Codes",
        "exampleBoolean": false
      },
      {
        "reference": {
          "reference": "ValueSet/cml-room-id-uri"
        },
        "name": "Chameleon Room Id",
        "description": "ValueSet of all DGMC Hospitals Uris for Chameleon Rooms id",
        "exampleBoolean": false
      },
      {
        "reference": {
          "reference": "ValueSet/cml-medical-record-type"
        },
        "name": "Chamileon Record Type",
        "description": "Chamileon Record Type",
        "exampleBoolean": false
      },
      {
        "reference": {
          "reference": "CodeSystem/cml-medical-record-type"
        },
        "name": "Chamileon Record Type",
        "description": "Chamileon Record Type",
        "exampleBoolean": false
      },
      {
        "reference": {
          "reference": "ValueSet/cml-counseling-patient-state"
        },
        "name": "CML Counseling Patient State",
        "description": "CML Counseling Patient State",
        "exampleBoolean": false
      },
      {
        "reference": {
          "reference": "CodeSystem/cml-counseling-patient-state"
        },
        "name": "CML Counseling Patient State",
        "description": "CML Counseling Patient State",
        "exampleBoolean": false
      },
      {
        "reference": {
          "reference": "CodeSystem/diagnosis-local-code"
        },
        "name": "Code System For Diagnosis Codes use only localy",
        "description": "Code System For Diagnosis Codes use only localy",
        "exampleBoolean": false
      },
      {
        "reference": {
          "reference": "CodeSystem/consultation-follow-up-flag"
        },
        "name": "Consultation Follow Up Flag",
        "description": "Consultation Follow Up Flag",
        "exampleBoolean": false
      },
      {
        "reference": {
          "reference": "StructureDefinition/dgmc-allergy-intolerance-comment"
        },
        "name": "DGMC Allergy Intolerance Comment",
        "description": "DGMC Allergy Intolerance Comment",
        "exampleBoolean": false
      },
      {
        "reference": {
          "reference": "StructureDefinition/dgmc-allergy-intolerance-med"
        },
        "name": "DGMC Allergy Intolerance Medication",
        "description": "DGMC Allergy Intolerance Medication",
        "exampleBoolean": false
      },
      {
        "reference": {
          "reference": "StructureDefinition/dgmc-allergy-intolerance-other"
        },
        "name": "DGMC Allergy Intolerance Other",
        "description": "DGMC Allergy Intolerance Other: food/environment/biologic.",
        "exampleBoolean": false
      },
      {
        "reference": {
          "reference": "StructureDefinition/dgmc-bed-location"
        },
        "name": "DGMC Bed Location",
        "description": "Profile of DGMC Bed Location",
        "exampleBoolean": false
      },
      {
        "reference": {
          "reference": "StructureDefinition/dgmc-cml-ou"
        },
        "name": "DGMC Chameleon OU",
        "description": "Profile of DGMC Chameleon Organizational Unit",
        "exampleBoolean": false
      },
      {
        "reference": {
          "reference": "StructureDefinition/dgmc-condition"
        },
        "name": "DGMC Condition",
        "description": "DGMC Condition",
        "exampleBoolean": false
      },
      {
        "reference": {
          "reference": "StructureDefinition/dgmc-cml-consultation-answer"
        },
        "name": "DGMC Consultation Answer",
        "description": "DGMC Consultation Answer",
        "exampleBoolean": false
      },
      {
        "reference": {
          "reference": "StructureDefinition/dgmc-cml-consultation-request"
        },
        "name": "DGMC Consultation Request",
        "description": "DGMC Consultation Request",
        "exampleBoolean": false
      },
      {
        "reference": {
          "reference": "StructureDefinition/dgmc-encounter-cml"
        },
        "name": "DGMC Encounter Chameleon",
        "description": "DGMC Encounter Chameleon",
        "exampleBoolean": false
      },
      {
        "reference": {
          "reference": "StructureDefinition/dgmc-encounter-case"
        },
        "name": "DGMC Encounter Namer Case",
        "description": "DGMC Encounter Namer Case",
        "exampleBoolean": false
      },
      {
        "reference": {
          "reference": "StructureDefinition/dgmc-encounter-movement"
        },
        "name": "DGMC Encounter Namer Movement",
        "description": "DGMC Encounter Namer Movement",
        "exampleBoolean": false
      },
      {
        "reference": {
          "reference": "StructureDefinition/dgmc-hospital-location"
        },
        "name": "DGMC Hospital Location",
        "description": "Profile of DGMC Hospital Location",
        "exampleBoolean": false
      },
      {
        "reference": {
          "reference": "StructureDefinition/dgmc-hospital-organization"
        },
        "name": "DGMC Hospital Organization",
        "description": "Profile of DGMC Hospital Organization",
        "exampleBoolean": false
      },
      {
        "reference": {
          "reference": "StructureDefinition/dgmc-nmr-ou"
        },
        "name": "DGMC Namer OU",
        "description": "Profile of DGMC Namer Organizational Unit",
        "exampleBoolean": false
      },
      {
        "reference": {
          "reference": "StructureDefinition/dgmc-ou-location"
        },
        "name": "DGMC OU Location",
        "description": "Profile of DGMC Organizational Unit Location",
        "exampleBoolean": false
      },
      {
        "reference": {
          "reference": "StructureDefinition/dgmc-patient"
        },
        "name": "DGMC Patient",
        "description": "Profile on IL-Core-Patient by DGMC",
        "exampleBoolean": false
      },
      {
        "reference": {
          "reference": "StructureDefinition/dgmc-practitioner"
        },
        "name": "DGMC Practitioner",
        "description": "Profile on IL-Core-Practitioner by DGMC",
        "exampleBoolean": false
      },
      {
        "reference": {
          "reference": "StructureDefinition/dgmc-practitioner-role"
        },
        "name": "DGMC Practitioner Role",
        "description": "Profile on IL-Core-PractitionerRole by DGMC",
        "exampleBoolean": false
      },
      {
        "reference": {
          "reference": "StructureDefinition/dgmc-room-location"
        },
        "name": "DGMC Room Location",
        "description": "Profile of DGMC Room Location",
        "exampleBoolean": false
      },
      {
        "reference": {
          "reference": "CodeSystem/diagnosis-component"
        },
        "name": "Diagnosis Component",
        "description": "Diagnosis Component",
        "exampleBoolean": false
      },
      {
        "reference": {
          "reference": "StructureDefinition/consultation-question-flag"
        },
        "name": "Extension - Consultation Question Flag",
        "description": "Extension - Consultation Question Flag",
        "exampleBoolean": false
      },
      {
        "reference": {
          "reference": "StructureDefinition/principal-unit"
        },
        "name": "Extension: Principal Unit",
        "description": "Extension: Principal Unit",
        "exampleBoolean": false
      },
      {
        "reference": {
          "reference": "CodeSystem/home-check-in"
        },
        "name": "Home Check In",
        "description": "Home Check In code",
        "exampleBoolean": false
      },
      {
        "reference": {
          "reference": "CodeSystem/hospitals-uris"
        },
        "name": "Hospitals uris",
        "description": "CodeSystem of all DGMC Hospitals Uris",
        "exampleBoolean": false
      },
      {
        "reference": {
          "reference": "ValueSet/hospitals-uris-ad-username"
        },
        "name": "Hospitals Uris Active Directory User-name",
        "description": "ValueSet of all DGMC Hospitals Uris for Active Directory User-name",
        "exampleBoolean": false
      },
      {
        "reference": {
          "reference": "ValueSet/cml-answer-uri"
        },
        "name": "Hospitals Uris Chameleon Answer",
        "description": "ValueSet of all DGMC Hospitals Uris for Chameleon Anwers",
        "exampleBoolean": false
      },
      {
        "reference": {
          "reference": "ValueSet/cml-diagnosis-code-uri"
        },
        "name": "Hospitals Uris Chameleon Diagnosis Code",
        "description": "ValueSet of all DGMC Hospitals Uris for Chameleon Diagnosis Internal Code",
        "exampleBoolean": false
      },
      {
        "reference": {
          "reference": "ValueSet/cml-medical-record-uri"
        },
        "name": "Hospitals Uris Chameleon Medical Record",
        "description": "ValueSet of all DGMC Hospitals Uris for Chameleon Medical Record Num",
        "exampleBoolean": false
      },
      {
        "reference": {
          "reference": "ValueSet/cml-ou-code-uri"
        },
        "name": "Hospitals Uris Chameleon OU Code",
        "description": "ValueSet of all DGMC Hospitals Uris for Chameleon Organizational Unit Codes",
        "exampleBoolean": false
      },
      {
        "reference": {
          "reference": "ValueSet/cml-pat-int-uri"
        },
        "name": "Hospitals Uris Chameleon Patient Internal",
        "description": "ValueSet of all DGMC Hospitals Uris for Chameleon Patient Internal Num",
        "exampleBoolean": false
      },
      {
        "reference": {
          "reference": "ValueSet/cml-request-uri"
        },
        "name": "Hospitals Uris Chameleon Request",
        "description": "ValueSet of all DGMC Hospitals Uris for Chameleon Anwers",
        "exampleBoolean": false
      },
      {
        "reference": {
          "reference": "ValueSet/hospitals-uris-cml-user-code"
        },
        "name": "Hospitals Uris Chameleon User code",
        "description": "ValueSet of all DGMC Hospitals Uris for Chameleon User code",
        "exampleBoolean": false
      },
      {
        "reference": {
          "reference": "ValueSet/enc-diet-pref-uri"
        },
        "name": "Hospitals Uris Encounter Diet Preference",
        "description": "ValueSet of all DGMC Hospitals Uris for Encounter Diet Preference",
        "exampleBoolean": false
      },
      {
        "reference": {
          "reference": "ValueSet/nmr-move-num-uri"
        },
        "name": "Hospitals Uris for Namer Movement Number",
        "description": "ValueSet of all DGMC Hospitals Uris for Namer Movement Numbers",
        "exampleBoolean": false
      },
      {
        "reference": {
          "reference": "ValueSet/nmr-to-cml-ident-uri"
        },
        "name": "Hospitals Uris Maner to Chameleon Identifier",
        "description": "ValueSet of all DGMC Hospitals Uris for Namer to Chameleon Identifier",
        "exampleBoolean": false
      },
      {
        "reference": {
          "reference": "ValueSet/nmr-case-num-uri"
        },
        "name": "Hospitals Uris Namer Case Number",
        "description": "ValueSet of all DGMC Hospitals Uris for Namer Case Num",
        "exampleBoolean": false
      },
      {
        "reference": {
          "reference": "ValueSet/nmr-ou-code-uri"
        },
        "name": "Hospitals Uris Namer OU Code",
        "description": "ValueSet of all DGMC Hospitals Uris for Namer Organizational Unit Code",
        "exampleBoolean": false
      },
      {
        "reference": {
          "reference": "ValueSet/nmr-ou-text-uri"
        },
        "name": "Hospitals Uris Namer OU Text",
        "description": "ValueSet of all DGMC Hospitals Uris for Namer Organizational Unit Id by Text",
        "exampleBoolean": false
      },
      {
        "reference": {
          "reference": "ValueSet/nmr-pat-int-uri"
        },
        "name": "Hospitals Uris Namer Patient Internal",
        "description": "ValueSet of all DGMC Hospitals Uris for Namer Patient Internal Num",
        "exampleBoolean": false
      },
      {
        "reference": {
          "reference": "ValueSet/nmr-pat-tmp-uri"
        },
        "name": "Hospitals Uris Namer Patient Temp",
        "description": "ValueSet of all DGMC Hospitals Uris for Namer Patient Temp Num",
        "exampleBoolean": false
      },
      {
        "reference": {
          "reference": "ValueSet/hospitals-uris-sap-user-vma"
        },
        "name": "Hospitals Uris SAP User VMA",
        "description": "ValueSet of all DGMC Hospitals Uris for SAP User VMA",
        "exampleBoolean": false
      },
      {
        "reference": {
          "reference": "ValueSet/nmr-hmo-code"
        },
        "name": "Namer Hmo Code",
        "description": "Namer Hmo Local Code",
        "exampleBoolean": false
      },
      {
        "reference": {
          "reference": "CodeSystem/nmr-hmo-code"
        },
        "name": "Nmr Hmo Code",
        "description": "Namer HMO Local Code",
        "exampleBoolean": false
      },
      {
        "reference": {
          "reference": "ValueSet/nmr-ou-type"
        },
        "name": "Nmr OU Type",
        "description": "Namer Organizational Unit Type",
        "exampleBoolean": false
      },
      {
        "reference": {
          "reference": "CodeSystem/nmr-ou-type"
        },
        "name": "Nmr OU Type",
        "description": "Namer Organizational Unit Type",
        "exampleBoolean": false
      },
      {
        "reference": {
          "reference": "ValueSet/ou-class-flag"
        },
        "name": "OU Classification Flag",
        "description": "Organizational Unit Classification Flag Code",
        "exampleBoolean": false
      },
      {
        "reference": {
          "reference": "CodeSystem/ou-class-flag"
        },
        "name": "OU Classification Flag",
        "description": "Organizational Unit Classification Flag Codes",
        "exampleBoolean": false
      },
      {
        "reference": {
          "reference": "ValueSet/patient-visitor-type"
        },
        "name": "Patient Visitor Type",
        "description": "Patient Visitor Type",
        "exampleBoolean": false
      },
      {
        "reference": {
          "reference": "CodeSystem/patient-visitor-type"
        },
        "name": "Patient Visitor Type",
        "description": "Patient Visitor Type",
        "exampleBoolean": false
      }
    ],
    "page": {
      "nameUrl": "toc.html",
      "title": "Table of Contents",
      "generation": "html",
      "page": []
    },
    "parameter": [
      {
        "code": "copyrightyear",
        "value": "2024+"
      },
      {
        "code": "releaselabel",
        "value": "draft"
      }
    ]
  }
}
