{
  "resourceType": "ValueSet",
  "status": "draft",
  "name": "OuClassFlag",
  "id": "ou-class-flag",
  "title": "OU Classification Flag",
  "description": "Organizational Unit Classification Flag Code",
  "url": "http://fhir.dgmc.health.gov.il/ValueSet/ou-classification-flag",
  "version": "0.1.23",
  "publisher": "Division of Governmental Hospitals Israel",
  "date": "2025-03-13",
  "compose": {
    "include": [
      {
        "system": "http://fhir.dgmc.health.gov.il/cs/ou-classification-flag"
      }
    ]
  }
}
