{
  "resourceType": "ValueSet",
  "status": "draft",
  "name": "HospitalsUrisAdUsername",
  "id": "hospitals-uris-ad-username",
  "title": "Hospitals Uris Active Directory User-name",
  "description": "ValueSet of all DGMC Hospitals Uris for Active Directory User-name",
  "url": "http://fhir.dgmc.health.gov.il/ValueSet/ad-username-uri",
  "version": "0.1.23",
  "publisher": "Division of Governmental Hospitals Israel",
  "date": "2025-03-13",
  "compose": {
    "include": [
      {
        "system": "http://fhir.dgmc.health.gov.il/cs/hospitals-uri",
        "concept": [
          {
            "code": "http://fhir.bmc.health.gov.il/identifier/ad-username",
            "display": "ברזילי - שם משתמש של המטפל"
          },
          {
            "code": "http://fhir.gmc.health.gov.il/identifier/ad-username",
            "display": "נהריה - שם משתמש של המטפל"
          },
          {
            "code": "http://fhir.hymc.health.gov.il/identifier/ad-username",
            "display": "הלל יפה - שם משתמש של המטפל"
          },
          {
            "code": "http://fhir.sheba.health.gov.il/identifier/ad-username",
            "display": "שיבא - שם משתמש של המטפל"
          },
          {
            "code": "http://fhir.b-zion.health.gov.il/identifier/ad-username",
            "display": "בני ציון - שם משתמש של המטפל"
          },
          {
            "code": "http://fhir.rambam.health.gov.il/identifier/ad-username",
            "display": "רמבם - שם משתמש של המטפל"
          },
          {
            "code": "http://fhir.shamir.health.gov.il/identifier/ad-username",
            "display": "שמיר - שם משתמש של המטפל"
          },
          {
            "code": "http://fhir.ziv.health.gov.il/identifier/ad-username",
            "display": "זיו - שם משתמש של המטפל"
          },
          {
            "code": "http://fhir.Wolfson.health.gov.il/identifier/ad-username",
            "display": "וולפסון - שם משתמש של המטפל"
          },
          {
            "code": "http://fhir.Tasmc.health.gov.il/identifier/ad-username",
            "display": "איכילוב - שם משתמש של המטפל"
          },
          {
            "code": "http://fhir.tzafon.health.gov.il/identifier/ad-username",
            "display": "פוריה - שם משתמש של המטפל"
          }
        ]
      }
    ]
  }
}
