{
  "resourceType": "ValueSet",
  "status": "draft",
  "name": "CmlHospCodeUri",
  "id": "cml-hosp-code-uri",
  "title": "Chameleon Hospital Codes",
  "description": "ValueSet of all DGMC Hospitals Uris for Chameleon Codes",
  "url": "http://fhir.dgmc.health.gov.il/ValueSet/cml-hosp-code-uri",
  "version": "0.1.23",
  "publisher": "Division of Governmental Hospitals Israel",
  "date": "2025-03-13",
  "compose": {
    "include": [
      {
        "system": "http://fhir.dgmc.health.gov.il/cs/hospitals-uri",
        "concept": [
          {
            "code": "http://fhir.bmc.health.gov.il/identifier/cml-hosp-code",
            "display": "ברזילי - קוד ביח-קמיליון"
          },
          {
            "code": "http://fhir.gmc.health.gov.il/identifier/cml-hosp-code",
            "display": "נהריה - קוד ביח-קמיליון"
          },
          {
            "code": "http://fhir.hymc.health.gov.il/identifier/cml-hosp-code",
            "display": "הלל יפה - קוד ביח-קמיליון"
          },
          {
            "code": "http://fhir.sheba.health.gov.il/identifier/cml-hosp-code",
            "display": "שיבא - קוד ביח-קמיליון"
          },
          {
            "code": "http://fhir.b-zion.health.gov.il/identifier/cml-hosp-code",
            "display": "בני ציון - קוד ביח-קמיליון"
          },
          {
            "code": "http://fhir.rambam.health.gov.il/identifier/cml-hosp-code",
            "display": "רמבם - קוד ביח-קמיליון"
          },
          {
            "code": "http://fhir.shamir.health.gov.il/identifier/cml-hosp-code",
            "display": "שמיר - קוד ביח-קמיליון"
          },
          {
            "code": "http://fhir.ziv.health.gov.il/identifier/cml-hosp-code",
            "display": "זיו - קוד ביח-קמיליון"
          },
          {
            "code": "http://fhir.Wolfson.health.gov.il/identifier/cml-hosp-code",
            "display": "וולפסון - קוד ביח-קמיליון"
          },
          {
            "code": "http://fhir.Tasmc.health.gov.il/identifier/cml-hosp-code",
            "display": "איכילוב - קוד ביח-קמיליון"
          },
          {
            "code": "http://fhir.tzafon.health.gov.il/identifier/cml-hosp-code",
            "display": "פוריה - קוד ביח-קמיליון"
          }
        ]
      }
    ]
  }
}
