{
  "resourceType": "ValueSet",
  "status": "draft",
  "name": "CmlAnswerUri",
  "id": "cml-answer-uri",
  "title": "Hospitals Uris Chameleon Answer",
  "description": "ValueSet of all DGMC Hospitals Uris for Chameleon Anwers",
  "url": "http://fhir.dgmc.health.gov.il/ValueSet/cml-counseling-answer-uri",
  "version": "0.1.23",
  "publisher": "Division of Governmental Hospitals Israel",
  "date": "2025-03-13",
  "compose": {
    "include": [
      {
        "system": "http://fhir.dgmc.health.gov.il/cs/hospitals-uri",
        "concept": [
          {
            "code": "http://fhir.bmc.health.gov.il/identifier/cml-counseling-answer",
            "display": "ברזילי - מספר תשובה-קמיליון"
          },
          {
            "code": "http://fhir.gmc.health.gov.il/identifier/cml-counseling-answer",
            "display": "נהריה - מספר תשובה-קמיליון"
          },
          {
            "code": "http://fhir.hymc.health.gov.il/identifier/cml-counseling-answer",
            "display": "הלל יפה - מספר תשובה-קמיליון"
          },
          {
            "code": "http://fhir.sheba.health.gov.il/identifier/cml-counseling-answer",
            "display": "שיבא - מספר תשובה-קמיליון"
          },
          {
            "code": "http://fhir.b-zion.health.gov.il/identifier/cml-counseling-answer",
            "display": "בני ציון - מספר תשובה-קמיליון"
          },
          {
            "code": "http://fhir.rambam.health.gov.il/identifier/cml-counseling-answer",
            "display": "רמבם - מספר תשובה-קמיליון"
          },
          {
            "code": "http://fhir.shamir.health.gov.il/identifier/cml-counseling-answer",
            "display": "שמיר - מספר תשובה-קמיליון"
          },
          {
            "code": "http://fhir.ziv.health.gov.il/identifier/cml-counseling-answer",
            "display": "זיו - מספר תשובה-קמיליון"
          },
          {
            "code": "http://fhir.Wolfson.health.gov.il/identifier/cml-counseling-answer",
            "display": "וולפסון - מספר תשובה-קמיליון"
          },
          {
            "code": "http://fhir.Tasmc.health.gov.il/identifier/cml-counseling-answer",
            "display": "איכילוב - מספר תשובה-קמיליון"
          },
          {
            "code": "http://fhir.tzafon.health.gov.il/identifier/cml-counseling-answer",
            "display": "פוריה - מספר תשובה-קמיליון"
          }
        ]
      }
    ]
  }
}
