{
  "resourceType": "ValueSet",
  "status": "draft",
  "name": "CmlDiagnosisRawidUri",
  "id": "cml-diagnosis-rawid-uri",
  "title": "Chameleon Diagnosis Table ID",
  "description": "ValueSet of all DGMC Hospitals Uris for Diagnosis Table ID",
  "url": "http://fhir.dgmc.health.gov.il/ValueSet/cml-diagnosis-rowid-uri",
  "version": "0.1.23",
  "publisher": "Division of Governmental Hospitals Israel",
  "date": "2025-03-13",
  "compose": {
    "include": [
      {
        "system": "http://fhir.dgmc.health.gov.il/cs/hospitals-uri",
        "concept": [
          {
            "code": "http://fhir.bmc.health.gov.il/identifier/cml-diagnosis-rowid",
            "display": "ברזילי - מזהה אבחנה בטבלת אבחנות"
          },
          {
            "code": "http://fhir.gmc.health.gov.il/identifier/cml-diagnosis-rowid",
            "display": "נהריה - מזהה אבחנה בטבלת אבחנות"
          },
          {
            "code": "http://fhir.hymc.health.gov.il/identifier/cml-diagnosis-rowid",
            "display": "הלל יפה - מזהה אבחנה בטבלת אבחנות"
          },
          {
            "code": "http://fhir.sheba.health.gov.il/identifier/cml-diagnosis-rowid",
            "display": "שיבא - מזהה אבחנה בטבלת אבחנות"
          },
          {
            "code": "http://fhir.b-zion.health.gov.il/identifier/cml-diagnosis-rowid",
            "display": "בני ציון - מזהה אבחנה בטבלת אבחנות"
          },
          {
            "code": "http://fhir.rambam.health.gov.il/identifier/cml-diagnosis-rowid",
            "display": "רמבם - מזהה אבחנה בטבלת אבחנות"
          },
          {
            "code": "http://fhir.shamir.health.gov.il/identifier/cml-diagnosis-rowid",
            "display": "שמיר - מזהה אבחנה בטבלת אבחנות"
          },
          {
            "code": "http://fhir.ziv.health.gov.il/identifier/cml-diagnosis-rowid",
            "display": "זיו - מזהה אבחנה בטבלת אבחנות"
          },
          {
            "code": "http://fhir.Wolfson.health.gov.il/identifier/cml-diagnosis-rowid",
            "display": "וולפסון - מזהה אבחנה בטבלת אבחנות"
          },
          {
            "code": "http://fhir.Tasmc.health.gov.il/identifier/cml-diagnosis-rowid",
            "display": "איכילוב - מזהה אבחנה בטבלת אבחנות"
          },
          {
            "code": "http://fhir.tzafon.health.gov.il/identifier/cml-diagnosis-rowid",
            "display": "פוריה - מזהה אבחנה בטבלת אבחנות"
          }
        ]
      }
    ]
  }
}
