{
  "resourceType": "ValueSet",
  "status": "draft",
  "name": "EncDietPrefUri",
  "id": "enc-diet-pref-uri",
  "title": "Hospitals Uris Encounter Diet Preference",
  "description": "ValueSet of all DGMC Hospitals Uris for Encounter Diet Preference",
  "url": "http://fhir.dgmc.health.gov.il/ValueSet/encounter-diet-pref-uri",
  "version": "0.1.23",
  "publisher": "Division of Governmental Hospitals Israel",
  "date": "2025-03-13",
  "compose": {
    "include": [
      {
        "system": "http://fhir.dgmc.health.gov.il/cs/hospitals-uri",
        "concept": [
          {
            "code": "http://fhir.bmc.health.gov.il/identifier/encounter-diet-pref",
            "display": "ברזילי - סוג מזון"
          },
          {
            "code": "http://fhir.gmc.health.gov.il/identifier/encounter-diet-pref",
            "display": "נהריה - סוג מזון"
          },
          {
            "code": "http://fhir.hymc.health.gov.il/identifier/encounter-diet-pref",
            "display": "הלל יפה - סוג מזון"
          },
          {
            "code": "http://fhir.sheba.health.gov.il/identifier/encounter-diet-pref",
            "display": "שיבא - סוג מזון"
          },
          {
            "code": "http://fhir.b-zion.health.gov.il/identifier/encounter-diet-pref",
            "display": "בני ציון - סוג מזון"
          },
          {
            "code": "http://fhir.rambam.health.gov.il/identifier/encounter-diet-pref",
            "display": "רמבם - סוג מזון"
          },
          {
            "code": "http://fhir.shamir.health.gov.il/identifier/encounter-diet-pref",
            "display": "שמיר - סוג מזון"
          },
          {
            "code": "http://fhir.ziv.health.gov.il/identifier/encounter-diet-pref",
            "display": "זיו - סוג מזון"
          },
          {
            "code": "http://fhir.Wolfson.health.gov.il/identifier/encounter-diet-pref",
            "display": "וולפסון - סוג מזון"
          },
          {
            "code": "http://fhir.Tasmc.health.gov.il/identifier/encounter-diet-pref",
            "display": "איכילוב - סוג מזון"
          },
          {
            "code": "http://fhir.tzafon.health.gov.il/identifier/encounter-diet-pref",
            "display": "פוריה - סוג מזון"
          }
        ]
      }
    ]
  }
}
