{
  "resourceType": "ValueSet",
  "status": "draft",
  "name": "AllergyIntCodeComment",
  "id": "allergy-int-code-comment",
  "title": "Allergy Intolerance Code Comment",
  "description": "ValueSet of Allergy Intolerance Code - Comment",
  "url": "http://fhir.dgmc.health.gov.il/identifier/allergyInt-code-comment",
  "version": "0.1.23",
  "publisher": "Division of Governmental Hospitals Israel",
  "date": "2025-03-13",
  "compose": {
    "include": [
      {
        "system": "http://fhir.dgmc.health.gov.il/cs/allergyInt-code-comment"
      }
    ]
  }
}
