{
  "resourceType": "ValueSet",
  "status": "draft",
  "name": "CmlDiagnosisCodeUri",
  "id": "cml-diagnosis-code-uri",
  "title": "Hospitals Uris Chameleon Diagnosis Code",
  "description": "ValueSet of all DGMC Hospitals Uris for Chameleon Diagnosis Internal Code",
  "url": "http://fhir.dgmc.health.gov.il/ValueSet/diagnosis-code-uri",
  "version": "0.1.23",
  "publisher": "Division of Governmental Hospitals Israel",
  "date": "2025-03-13",
  "compose": {
    "include": [
      {
        "system": "http://fhir.dgmc.health.gov.il/cs/hospitals-uri",
        "concept": [
          {
            "code": "http://fhir.bmc.health.gov.il/identifier/cml-diagnosis-code",
            "display": "ברזילי - קוד אבחנה-קמיליון"
          },
          {
            "code": "http://fhir.gmc.health.gov.il/identifier/cml-diagnosis-code",
            "display": "נהריה - מקוד אבחנה-קמיליון"
          },
          {
            "code": "http://fhir.hymc.health.gov.il/identifier/cml-diagnosis-code",
            "display": "הלל יפה - קוד אבחנה-קמיליון"
          },
          {
            "code": "http://fhir.sheba.health.gov.il/identifier/cml-diagnosis-code",
            "display": "שיבא - קוד אבחנה-קמיליון"
          },
          {
            "code": "http://fhir.b-zion.health.gov.il/identifier/cml-diagnosis-code",
            "display": "בני ציון - קוד אבחנה-קמיליון"
          },
          {
            "code": "http://fhir.rambam.health.gov.il/identifier/cml-diagnosis-code",
            "display": "רמבם - קוד אבחנה-קמיליון"
          },
          {
            "code": "http://fhir.shamir.health.gov.il/identifier/cml-diagnosis-code",
            "display": "שמיר - קוד אבחנה-קמיליון"
          },
          {
            "code": "http://fhir.ziv.health.gov.il/identifier/cml-diagnosis-code",
            "display": "זיו - קוד אבחנה-קמיליון"
          },
          {
            "code": "http://fhir.Wolfson.health.gov.il/identifier/cml-diagnosis-code",
            "display": "וולפסון - קוד אבחנה-קמיליון"
          },
          {
            "code": "http://fhir.Tasmc.health.gov.il/identifier/cml-diagnosis-code",
            "display": "איכילוב - קוד אבחנה-קמיליון"
          },
          {
            "code": "http://fhir.tzafon.health.gov.il/identifier/cml-diagnosis-code",
            "display": "פוריה - קוד אבחנה-קמיליון"
          }
        ]
      }
    ]
  }
}
