{
  "resourceType": "ValueSet",
  "status": "draft",
  "name": "CmlMedicalRecordUri",
  "id": "cml-medical-record-uri",
  "title": "Hospitals Uris Chameleon Medical Record",
  "description": "ValueSet of all DGMC Hospitals Uris for Chameleon Medical Record Num",
  "url": "http://fhir.dgmc.health.gov.il/ValueSet/cml-medical-record-uri",
  "version": "0.1.23",
  "publisher": "Division of Governmental Hospitals Israel",
  "date": "2025-03-13",
  "compose": {
    "include": [
      {
        "system": "http://fhir.dgmc.health.gov.il/cs/hospitals-uri",
        "concept": [
          {
            "code": "http://fhir.bmc.health.gov.il/identifier/cml-medical-record",
            "display": "ברזילי - רשומה רפואית-קמיליון"
          },
          {
            "code": "http://fhir.gmc.health.gov.il/identifier/cml-medical-record",
            "display": "נהריה - רשומה רפואית-קמיליון"
          },
          {
            "code": "http://fhir.hymc.health.gov.il/identifier/cml-medical-record",
            "display": "הלל יפה - רשומה רפואית-קמיליון"
          },
          {
            "code": "http://fhir.sheba.health.gov.il/identifier/cml-medical-record",
            "display": "שיבא - רשומה רפואית-קמיליון"
          },
          {
            "code": "http://fhir.b-zion.health.gov.il/identifier/cml-medical-record",
            "display": "בני ציון - רשומה רפואית-קמיליון"
          },
          {
            "code": "http://fhir.rambam.health.gov.il/identifier/cml-medical-record",
            "display": "רמבם - רשומה רפואית-קמיליון"
          },
          {
            "code": "http://fhir.shamir.health.gov.il/identifier/cml-medical-record",
            "display": "שמיר - רשומה רפואית-קמיליון"
          },
          {
            "code": "http://fhir.ziv.health.gov.il/identifier/cml-medical-record",
            "display": "זיו - רשומה רפואית-קמיליון"
          },
          {
            "code": "http://fhir.Wolfson.health.gov.il/identifier/cml-medical-record",
            "display": "וולפסון - רשומה רפואית-קמיליון"
          },
          {
            "code": "http://fhir.Tasmc.health.gov.il/identifier/cml-medical-record",
            "display": "איכילוב - רשומה רפואית-קמיליון"
          },
          {
            "code": "http://fhir.tzafon.health.gov.il/identifier/cml-medical-record",
            "display": "פוריה - רשומה רפואית-קמיליון"
          }
        ]
      }
    ]
  }
}
