{
  "resourceType": "ValueSet",
  "status": "draft",
  "name": "NmrToCmlIdentUri",
  "id": "nmr-to-cml-ident-uri",
  "title": "Hospitals Uris Maner to Chameleon Identifier",
  "description": "ValueSet of all DGMC Hospitals Uris for Namer to Chameleon Identifier",
  "url": "http://fhir.dgmc.health.gov.il/ValueSet/nmr2cml-identifier-uri",
  "version": "0.1.23",
  "publisher": "Division of Governmental Hospitals Israel",
  "date": "2025-03-13",
  "compose": {
    "include": [
      {
        "system": "http://fhir.dgmc.health.gov.il/cs/hospitals-uri",
        "concept": [
          {
            "code": "http://fhir.bmc.health.gov.il/identifier/nmr2cml-identifier",
            "display": "ברזילי - קשר בין תנועת נמר לקמיליון"
          },
          {
            "code": "http://fhir.gmc.health.gov.il/identifier/nmr2cml-identifier",
            "display": "נהריה - קשר בין תנועת נמר לקמיליון"
          },
          {
            "code": "http://fhir.hymc.health.gov.il/identifier/nmr2cml-identifier",
            "display": "הלל יפה - קשר בין תנועת נמר לקמיליון"
          },
          {
            "code": "http://fhir.sheba.health.gov.il/identifier/nmr2cml-identifier",
            "display": "שיבא - קשר בין תנועת נמר לקמיליון"
          },
          {
            "code": "http://fhir.b-zion.health.gov.il/identifier/nmr2cml-identifier",
            "display": "בני ציון - קשר בין תנועת נמר לקמיליון"
          },
          {
            "code": "http://fhir.rambam.health.gov.il/identifier/nmr2cml-identifier",
            "display": "רמבם - קשר בין תנועת נמר לקמיליון"
          },
          {
            "code": "http://fhir.shamir.health.gov.il/identifier/nmr2cml-identifier",
            "display": "שמיר - קשר בין תנועת נמר לקמיליון"
          },
          {
            "code": "http://fhir.ziv.health.gov.il/identifier/nmr2cml-identifier",
            "display": "זיו - קשר בין תנועת נמר לקמיליון"
          },
          {
            "code": "http://fhir.Wolfson.health.gov.il/identifier/nmr2cml-identifier",
            "display": "וולפסון - קשר בין תנועת נמר לקמיליון"
          },
          {
            "code": "http://fhir.Tasmc.health.gov.il/identifier/nmr2cml-identifier",
            "display": "איכילוב - קשר בין תנועת נמר לקמיליון"
          },
          {
            "code": "http://fhir.tzafon.health.gov.il/identifier/nmr2cml-identifier",
            "display": "פוריה - קשר בין תנועת נמר לקמיליון"
          }
        ]
      }
    ]
  }
}
