{
  "resourceType": "ValueSet",
  "status": "draft",
  "name": "PatientVisitorType",
  "id": "patient-visitor-type",
  "title": "Patient Visitor Type",
  "description": "Patient Visitor Type",
  "url": "http://fhir.dgmc.health.gov.il/ValueSet/patient-visitor-type",
  "version": "0.1.23",
  "publisher": "Division of Governmental Hospitals Israel",
  "date": "2025-03-13",
  "compose": {
    "include": [
      {
        "system": "http://fhir.dgmc.health.gov.il/cs/patient-visitor-type"
      }
    ]
  }
}
