{
  "resourceType": "ValueSet",
  "status": "draft",
  "name": "CmlMedicalRecordType",
  "id": "cml-medical-record-type",
  "title": "Chamileon Record Type",
  "description": "Chamileon Record Type",
  "url": "http://fhir.dgmc.health.gov.il/ValueSet/cml-medical-record-type",
  "version": "0.1.23",
  "publisher": "Division of Governmental Hospitals Israel",
  "date": "2025-03-13",
  "compose": {
    "include": [
      {
        "system": "http://fhir.dgmc.health.gov.il/cs/cml-medical-record-type"
      }
    ]
  }
}
