{
  "resourceType": "ValueSet",
  "status": "draft",
  "name": "CmlPatIntUri",
  "id": "cml-pat-int-uri",
  "title": "Hospitals Uris Chameleon Patient Internal",
  "description": "ValueSet of all DGMC Hospitals Uris for Chameleon Patient Internal Num",
  "url": "http://fhir.dgmc.health.gov.il/ValueSet/cml-pat-internal-uri",
  "version": "0.1.23",
  "publisher": "Division of Governmental Hospitals Israel",
  "date": "2025-03-13",
  "compose": {
    "include": [
      {
        "system": "http://fhir.dgmc.health.gov.il/cs/hospitals-uri",
        "concept": [
          {
            "code": "http://fhir.bmc.health.gov.il/identifier/cml-pat-int-num",
            "display": "ברזילי - מספר מטופל פנימי-קמיליון"
          },
          {
            "code": "http://fhir.gmc.health.gov.il/identifier/cml-pat-int-num",
            "display": "נהריה - מספר מטופל פנימי-קמיליון"
          },
          {
            "code": "http://fhir.hymc.health.gov.il/identifier/cml-pat-int-num",
            "display": "הלל יפה - מספר מטופל פנימי-קמיליון"
          },
          {
            "code": "http://fhir.sheba.health.gov.il/identifier/cml-pat-int-num",
            "display": "שיבא - מספר מטופל פנימי-קמיליון"
          },
          {
            "code": "http://fhir.b-zion.health.gov.il/identifier/cml-pat-int-num",
            "display": "בני ציון - מספר מטופל פנימי-קמיליון"
          },
          {
            "code": "http://fhir.rambam.health.gov.il/identifier/cml-pat-int-num",
            "display": "רמבם - מספר מטופל פנימי-קמיליון"
          },
          {
            "code": "http://fhir.shamir.health.gov.il/identifier/cml-pat-int-num",
            "display": "שמיר - מספר מטופל פנימי-קמיליון"
          },
          {
            "code": "http://fhir.ziv.health.gov.il/identifier/cml-pat-int-num",
            "display": "זיו - מספר מטופל פנימי-קמיליון"
          },
          {
            "code": "http://fhir.Wolfson.health.gov.il/identifier/cml-pat-int-num",
            "display": "וולפסון - מספר מטופל פנימי-קמיליון"
          },
          {
            "code": "http://fhir.Tasmc.health.gov.il/identifier/cml-pat-int-num",
            "display": "איכילוב - מספר מטופל פנימי-קמיליון"
          },
          {
            "code": "http://fhir.tzafon.health.gov.il/identifier/cml-pat-int-num",
            "display": "פוריה - מספר מטופל פנימי-קמיליון"
          }
        ]
      }
    ]
  }
}
