{
  "resourceType": "ValueSet",
  "status": "draft",
  "name": "CmlRoomIdUri",
  "id": "cml-room-id-uri",
  "title": "Chameleon Room Id",
  "description": "ValueSet of all DGMC Hospitals Uris for Chameleon Rooms id",
  "url": "http://fhir.dgmc.health.gov.il/ValueSet/cml-room-id-uri",
  "version": "0.1.23",
  "publisher": "Division of Governmental Hospitals Israel",
  "date": "2025-03-13",
  "compose": {
    "include": [
      {
        "system": "http://fhir.dgmc.health.gov.il/cs/hospitals-uri",
        "concept": [
          {
            "code": "http://fhir.bmc.health.gov.il/identifier/cml-room-id",
            "display": "ברזילי - מזהה חדר-קמיליון"
          },
          {
            "code": "http://fhir.gmc.health.gov.il/identifier/cml-room-id",
            "display": "נהריה - מזהה חדר-קמיליון"
          },
          {
            "code": "http://fhir.hymc.health.gov.il/identifier/cml-room-id",
            "display": "הלל יפה - מזהה חדר-קמיליון"
          },
          {
            "code": "http://fhir.sheba.health.gov.il/identifier/cml-room-id",
            "display": "שיבא - מזהה חדר-קמיליון"
          },
          {
            "code": "http://fhir.b-zion.health.gov.il/identifier/cml-room-id",
            "display": "בני ציון - מזהה חדר-קמיליון"
          },
          {
            "code": "http://fhir.rambam.health.gov.il/identifier/cml-room-id",
            "display": "רמבם - מזהה חדר-קמיליון"
          },
          {
            "code": "http://fhir.shamir.health.gov.il/identifier/cml-room-id",
            "display": "שמיר - מזהה חדר-קמיליון"
          },
          {
            "code": "http://fhir.ziv.health.gov.il/identifier/cml-room-id",
            "display": "זיו - מזהה חדר-קמיליון"
          },
          {
            "code": "http://fhir.Wolfson.health.gov.il/identifier/cml-room-id",
            "display": "וולפסון - מזהה חדר-קמיליון"
          },
          {
            "code": "http://fhir.Tasmc.health.gov.il/identifier/cml-room-id",
            "display": "איכילוב - מזהה חדר-קמיליון"
          },
          {
            "code": "http://fhir.tzafon.health.gov.il/identifier/cml-room-id",
            "display": "פוריה - מזהה חדר-קמיליון"
          }
        ]
      }
    ]
  }
}
