{
  "resourceType": "ValueSet",
  "status": "draft",
  "name": "CmlOuCodeUri",
  "id": "cml-ou-code-uri",
  "title": "Hospitals Uris Chameleon OU Code",
  "description": "ValueSet of all DGMC Hospitals Uris for Chameleon Organizational Unit Codes",
  "url": "http://fhir.dgmc.health.gov.il/ValueSet/cml-ou-code-uri",
  "version": "0.1.23",
  "publisher": "Division of Governmental Hospitals Israel",
  "date": "2025-03-13",
  "compose": {
    "include": [
      {
        "system": "http://fhir.dgmc.health.gov.il/cs/hospitals-uri",
        "concept": [
          {
            "code": "http://fhir.bmc.health.gov.il/identifier/cml-ou-code",
            "display": "ברזילי - קוד יחידה-קמיליון"
          },
          {
            "code": "http://fhir.gmc.health.gov.il/identifier/cml-ou-code",
            "display": "נהריה - קוד יחידה-קמיליון"
          },
          {
            "code": "http://fhir.hymc.health.gov.il/identifier/cml-ou-code",
            "display": "הלל יפה - קוד יחידה-קמיליון"
          },
          {
            "code": "http://fhir.sheba.health.gov.il/identifier/cml-ou-code",
            "display": "שיבא - קוד יחידה-קמיליון"
          },
          {
            "code": "http://fhir.b-zion.health.gov.il/identifier/cml-ou-code",
            "display": "בני ציון - קוד יחידה-קמיליון"
          },
          {
            "code": "http://fhir.rambam.health.gov.il/identifier/cml-ou-code",
            "display": "רמבם - קוד יחידה-קמיליון"
          },
          {
            "code": "http://fhir.shamir.health.gov.il/identifier/cml-ou-code",
            "display": "שמיר - קוד יחידה-קמיליון"
          },
          {
            "code": "http://fhir.ziv.health.gov.il/identifier/cml-ou-code",
            "display": "זיו - קוד יחידה-קמיליון"
          },
          {
            "code": "http://fhir.Wolfson.health.gov.il/identifier/cml-ou-code",
            "display": "וולפסון - קוד יחידה-קמיליון"
          },
          {
            "code": "http://fhir.Tasmc.health.gov.il/identifier/cml-ou-code",
            "display": "איכילוב - קוד יחידה-קמיליון"
          },
          {
            "code": "http://fhir.tzafon.health.gov.il/identifier/cml-ou-code",
            "display": "פוריה - קוד יחידה-קמיליון"
          }
        ]
      }
    ]
  }
}
