{
  "resourceType": "ValueSet",
  "status": "draft",
  "name": "AdmissionType",
  "id": "admission-type",
  "title": "Admission Type codes",
  "description": "Admission Type codes",
  "url": "http://fhir.dgmc.health.gov.il/ValueSet/admission-type",
  "version": "0.1.23",
  "publisher": "Division of Governmental Hospitals Israel",
  "date": "2025-03-13",
  "compose": {
    "include": [
      {
        "system": "http://fhir.dgmc.health.gov.il/cs/admission-amb-type"
      },
      {
        "system": "http://fhir.dgmc.health.gov.il/cs/admission-imp-type"
      },
      {
        "system": "http://fhir.dgmc.health.gov.il/cs/admission-mvmnt-type"
      }
    ]
  }
}
