{
  "resourceType": "ValueSet",
  "status": "draft",
  "name": "NmrMoveNumUri",
  "id": "nmr-move-num-uri",
  "title": "Hospitals Uris for Namer Movement Number",
  "description": "ValueSet of all DGMC Hospitals Uris for Namer Movement Numbers",
  "url": "http://fhir.dgmc.health.gov.il/ValueSet/nmr-move-num-uri",
  "version": "0.1.23",
  "publisher": "Division of Governmental Hospitals Israel",
  "date": "2025-03-13",
  "compose": {
    "include": [
      {
        "system": "http://fhir.dgmc.health.gov.il/cs/hospitals-uri",
        "concept": [
          {
            "code": "http://fhir.bmc.health.gov.il/identifier/nmr-movement-number",
            "display": "ברזילי - מספר העברה-נמר"
          },
          {
            "code": "http://fhir.gmc.health.gov.il/identifier/nmr-movement-number",
            "display": "נהריה - מספר העברה-נמר"
          },
          {
            "code": "http://fhir.hymc.health.gov.il/identifier/nmr-movement-number",
            "display": "הלל יפה - מספר העברה-נמר"
          },
          {
            "code": "http://fhir.sheba.health.gov.il/identifier/nmr-movement-number",
            "display": "שיבא - מספר העברה-נמר"
          },
          {
            "code": "http://fhir.b-zion.health.gov.il/identifier/nmr-movement-number",
            "display": "בני ציון - מספר העברה-נמר"
          },
          {
            "code": "http://fhir.rambam.health.gov.il/identifier/nmr-movement-number",
            "display": "רמבם - מספר העברה-נמר"
          },
          {
            "code": "http://fhir.shamir.health.gov.il/identifier/nmr-movement-number",
            "display": "שמיר - מספר העברה-נמר"
          },
          {
            "code": "http://fhir.ziv.health.gov.il/identifier/nmr-movement-number",
            "display": "זיו - מספר העברה-נמר"
          },
          {
            "code": "http://fhir.Wolfson.health.gov.il/identifier/nmr-movement-number",
            "display": "וולפסון - מספר העברה-נמר"
          },
          {
            "code": "http://fhir.Tasmc.health.gov.il/identifier/nmr-movement-number",
            "display": "איכילוב - מספר העברה-נמר"
          },
          {
            "code": "http://fhir.tzafon.health.gov.il/identifier/nmr-movement-number",
            "display": "פוריה - מספר העברה-נמר"
          }
        ]
      }
    ]
  }
}
