{
  "resourceType": "ValueSet",
  "status": "draft",
  "name": "NmrOuTextUri",
  "id": "nmr-ou-text-uri",
  "title": "Hospitals Uris Namer OU Text",
  "description": "ValueSet of all DGMC Hospitals Uris for Namer Organizational Unit Id by Text",
  "url": "http://fhir.dgmc.health.gov.il/ValueSet/nmr-ou-text-uri",
  "version": "0.1.23",
  "publisher": "Division of Governmental Hospitals Israel",
  "date": "2025-03-13",
  "compose": {
    "include": [
      {
        "system": "http://fhir.dgmc.health.gov.il/cs/hospitals-uri",
        "concept": [
          {
            "code": "http://fhir.bmc.health.gov.il/identifier/nmr-ou-text",
            "display": "ברזילי - מזהה יחידה טקסט-נמר"
          },
          {
            "code": "http://fhir.gmc.health.gov.il/identifier/nmr-ou-text",
            "display": "נהריה - מזהה יחידה טקסט-נמר"
          },
          {
            "code": "http://fhir.hymc.health.gov.il/identifier/nmr-ou-text",
            "display": "הלל יפה - מזהה יחידה טקסט-נמר"
          },
          {
            "code": "http://fhir.sheba.health.gov.il/identifier/nmr-ou-text",
            "display": "שיבא - מזהה יחידה טקסט-נמר"
          },
          {
            "code": "http://fhir.b-zion.health.gov.il/identifier/nmr-ou-text",
            "display": "בני ציון - מזהה יחידה טקסט-נמר"
          },
          {
            "code": "http://fhir.rambam.health.gov.il/identifier/nmr-ou-text",
            "display": "רמבם - מזהה יחידה טקסט-נמר"
          },
          {
            "code": "http://fhir.shamir.health.gov.il/identifier/nmr-ou-text",
            "display": "שמיר - מזהה יחידה טקסט-נמר"
          },
          {
            "code": "http://fhir.ziv.health.gov.il/identifier/nmr-ou-text",
            "display": "זיו - מזהה יחידה טקסט-נמר"
          },
          {
            "code": "http://fhir.Wolfson.health.gov.il/identifier/nmr-ou-text",
            "display": "וולפסון - מזהה יחידה טקסט-נמר"
          },
          {
            "code": "http://fhir.Tasmc.health.gov.il/identifier/nmr-ou-text",
            "display": "איכילוב - מזהה יחידה טקסט-נמר"
          },
          {
            "code": "http://fhir.tzafon.health.gov.il/identifier/nmr-ou-text",
            "display": "פוריה - מזהה יחידה טקסט-נמר"
          }
        ]
      }
    ]
  }
}
