{
  "resourceType": "ValueSet",
  "status": "draft",
  "name": "AllergyIntIdentifierOtherUri",
  "id": "allergy-int-identifier-other-uri",
  "title": "Allergy Intolerance Identifier Other",
  "description": "ValueSet of Allergy Intolerance Identifier - Other",
  "url": "http://fhir.dgmc.health.gov.il/ValueSet/allergy-int-identifier-other-uri",
  "version": "0.1.23",
  "publisher": "Division of Governmental Hospitals Israel",
  "date": "2025-03-13",
  "compose": {
    "include": [
      {
        "system": "http://fhir.dgmc.health.gov.il/cs/hospitals-uri",
        "concept": [
          {
            "code": "http://fhir.bmc.health.gov.il/identifier/allergyInt-other",
            "display": "ברזילי - מזהה רגישות - אחר"
          },
          {
            "code": "http://fhir.gmc.health.gov.il/identifier/allergyInt-other",
            "display": "נהריה - מזהה רגישות - אחר"
          },
          {
            "code": "http://fhir.hymc.health.gov.il/identifier/allergyInt-other",
            "display": "הלל יפה - מזהה רגישות - אחר"
          },
          {
            "code": "http://fhir.sheba.health.gov.il/identifier/allergyInt-other",
            "display": "שיבא - מזהה רגישות - אחר"
          },
          {
            "code": "http://fhir.b-zion.health.gov.il/identifier/allergyInt-other",
            "display": "בני ציון - מזהה רגישות - אחר"
          },
          {
            "code": "http://fhir.rambam.health.gov.il/identifier/allergyInt-other",
            "display": "רמבם - מזהה רגישות - אחר"
          },
          {
            "code": "http://fhir.shamir.health.gov.il/identifier/allergyInt-other",
            "display": "שמיר - מזהה רגישות - אחר"
          },
          {
            "code": "http://fhir.ziv.health.gov.il/identifier/allergyInt-other",
            "display": "זיו - מזהה רגישות -מזהה רגישות - אחר אחר"
          },
          {
            "code": "http://fhir.Wolfson.health.gov.il/identifier/allergyInt-other",
            "display": "וולפסון - מזהה רגישות - אחר"
          },
          {
            "code": "http://fhir.Tasmc.health.gov.il/identifier/allergyInt-other",
            "display": "איכילוב - מזהה רגישות - אחר"
          },
          {
            "code": "http://fhir.tzafon.health.gov.il/identifier/allergyInt-other",
            "display": "פוריה -  מזהה רגישות - אחר"
          }
        ]
      }
    ]
  }
}
