{
  "resourceType": "ValueSet",
  "status": "draft",
  "name": "CMLCounselingPatientState",
  "id": "cml-counseling-patient-state",
  "title": "CML Counseling Patient State",
  "description": "CML Counseling Patient State",
  "url": "http://fhir.dgmc.health.gov.il/ValueSet/cml-counseling-patient-state",
  "version": "0.1.23",
  "publisher": "Division of Governmental Hospitals Israel",
  "date": "2025-03-13",
  "compose": {
    "include": [
      {
        "system": "http://fhir.dgmc.health.gov.il/cs/cml-counseling-patient-state"
      }
    ]
  }
}
