{
  "resourceType": "ValueSet",
  "status": "draft",
  "name": "AllergyIntCodeMedUri",
  "id": "allergy-int-code-med-uri",
  "title": "Allergy Intolerance Code Medication",
  "description": "ValueSet of Allergy Intolerance Code - Medication",
  "url": "http://fhir.dgmc.health.gov.il/ValueSet/allergy-int-code-med-uri",
  "version": "0.1.23",
  "publisher": "Division of Governmental Hospitals Israel",
  "date": "2025-03-13",
  "compose": {
    "include": [
      {
        "system": "http://fhir.dgmc.health.gov.il/cs/hospitals-uri",
        "concept": [
          {
            "code": "http://fhir.bmc.health.gov.il/cs/allergyInt-code-medication",
            "display": "ברזילי - קודי רגישות - תרופות"
          },
          {
            "code": "http://fhir.gmc.health.gov.il/cs/allergyInt-code-medication",
            "display": "נהריה - קודי רגישות - תרופות"
          },
          {
            "code": "http://fhir.hymc.health.gov.il/cs/allergyInt-code-medication",
            "display": "הלל יפה - קודי רגישות - תרופות"
          },
          {
            "code": "http://fhir.sheba.health.gov.il/cs/allergyInt-code-medication",
            "display": "שיבא - קודי רגישות - תרופות"
          },
          {
            "code": "http://fhir.b-zion.health.gov.il/cs/allergyInt-code-medication",
            "display": "בני ציון - קודי רגישות - תרופות"
          },
          {
            "code": "http://fhir.rambam.health.gov.il/cs/allergyInt-code-medication",
            "display": "רמבם - קודי רגישות - תרופות"
          },
          {
            "code": "http://fhir.shamir.health.gov.il/cs/allergyInt-code-medication",
            "display": "שמיר - קודי רגישות - תרופות"
          },
          {
            "code": "http://fhir.ziv.health.gov.il/cs/allergyInt-code-medication",
            "display": "זיו - קודי רגישות - תרופות"
          },
          {
            "code": "http://fhir.Wolfson.health.gov.il/cs/allergyInt-code-medication",
            "display": "וולפסון - קודי רגישות - תרופות"
          },
          {
            "code": "http://fhir.Tasmc.health.gov.il/cs/allergyInt-code-medication",
            "display": "איכילוב - קודי רגישות - תרופות"
          },
          {
            "code": "http://fhir.tzafon.health.gov.il/cs/allergyInt-code-medication",
            "display": "פוריה - קודי רגישות - תרופות"
          }
        ]
      }
    ]
  }
}
